,model,choosed num,nc 0.75_corr,nc 0.75_p,kmnc 10_corr,kmnc 10_p,snac NONE_corr,snac NONE_p,nbc NONE_corr,nbc NONE_p,tknc 1_corr,tknc 1_p,dsa 10_corr,dsa 10_p,dsa 1000_corr,dsa 1000_p,lsa 10_corr,lsa 10_p,lsa 1000_corr,lsa 1000_p,idc 6_corr,idc 6_p,idc 8_corr,idc 8_p
0,leNet_1,50,0.06670682259869831,0.24938022727704737,0.14798729922109544,0.010268264096625476,-0.10353814574496009,0.0733475227772374,-0.01629021225967448,0.7787138545663996,0.0064021870571129786,0.9120704732613186,0.5490069213373784,5.138762100123137e-25,0.43197368429895977,4.551276799862059e-15,0.33973156668492427,1.5377138380213813e-09,0.283186645146888,6.135127422145848e-07,-0.029654115399954238,0.6089361253002985,-0.029654115399954238,0.6089361253002985
1,leNet_1,100,nan,nan,0.27040616230968484,2.0056396240815833e-06,-0.009658821072500526,0.8676838736458048,-0.010269161398749642,0.859406885891413,-0.03708073436559393,0.5223052221419916,0.4307704290579549,5.518709390409087e-15,0.3211686089012689,1.2625540046805344e-08,0.4357729756358082,2.464023161499977e-15,0.3302300085371343,4.597743620178284e-09,0.043847230469419025,0.4492596925565984,0.043847230469419025,0.4492596925565984
2,leNet_1,150,nan,nan,0.24590438794256841,1.649347781798073e-05,0.05792278504050573,0.31735718723131057,0.06626450253765673,0.252540109201966,0.04758828657884665,0.4114880947292717,0.34294399491217425,1.0528585594165891e-09,0.2849084460663241,5.206251694832799e-07,0.36633770123419535,5.843478247866053e-11,0.13912409032259718,0.015892349599207985,-0.021774413049625005,0.7072038942228724,-0.021774413049625005,0.7072038942228724
3,leNet_1,200,nan,nan,0.28654093897090155,4.4512607529970754e-07,-0.04565655500514515,0.43075263884164405,-0.06662904243340624,0.24993387798695985,0.02372213200486805,0.6823769813655094,0.19525615811845,0.0006723653968593896,0.25857862171719653,5.69470764950143e-06,0.24954910545786085,1.2217814505420064e-05,0.1507500190089598,0.008919402185272908,-0.012408485590371048,0.8305218779073432,-0.012408485590371048,0.8305218779073432
4,leNet_1,250,nan,nan,0.1743514613929299,0.002441543507459472,-0.04823418369027882,0.40516203718421917,-0.09986506493355995,0.08420145979062216,-0.05830509440668449,0.3141681618211593,0.24729121767613718,1.4721802019914172e-05,0.19652022053468937,0.0006192052083938989,0.31500572474410277,2.4628986023829284e-08,0.18671945346295665,0.001157316347864039,nan,nan,nan,nan
5,leNet_1,300,nan,nan,0.19609146680407638,0.0006367841187272315,0.04993041174949798,0.38882654233286357,0.06771921579292814,0.24225159333815285,0.00884335716241261,0.8787650027764068,0.17853807142663083,0.0019063919209412724,0.2561948716467858,6.985524393644888e-06,0.2655797483862494,3.0890122368125916e-06,0.144483395881015,0.012236927671170343,nan,nan,nan,nan
6,leNet_1,350,nan,nan,0.19320640857866572,0.0007676142920873313,nan,nan,-0.014638939048151995,0.8006477447242651,0.006012522568477964,0.9174025600727065,0.2263225642899752,7.650380866555625e-05,0.11995452806260433,0.03784743639388812,0.28350324443223485,5.953183743644858e-07,0.0826066136417682,0.15350616812108134,nan,nan,nan,nan
7,leNet_1,400,nan,nan,0.14150635095682024,0.014163645345418837,0.08940330724816109,0.12231196232278735,0.14091073837879503,0.014579614692902466,-0.060204961093199554,0.29863253443576765,0.20473346279065546,0.0003581231827372342,0.07318909309188774,0.20620272127759884,0.2789620086350906,9.13577356502526e-07,0.11088828247587368,0.05504207073485918,nan,nan,nan,nan
8,leNet_1,450,nan,nan,0.14231948540333927,0.013612598871862168,0.10085488555578558,0.08115653298453213,0.040584145091500094,0.4837449363577921,0.01726936783961942,0.7657888478801861,0.11759521197318464,0.041813358870639784,0.08054541737885741,0.16406618445860666,0.2770048934788889,1.0961929285859555e-06,0.10624639504376426,0.06609717882241416,nan,nan,nan,nan
9,leNet_1,500,nan,nan,0.048599021290276496,0.4016144455830724,-0.08313045090082719,0.15090621001220034,-0.023946729882924088,0.6795353664617944,-0.014370031223237758,0.8042350076084367,0.08034902891247445,0.1651000695329674,0.07383838800641053,0.20219569135943133,0.3172449747156355,1.935369285448615e-08,0.041901839963858115,0.4696498025902499,nan,nan,nan,nan
10,leNet_1,550,nan,nan,0.012018881474835617,0.8357665416169755,-0.014641289573709085,0.8006164067457421,0.04980457389415983,0.3900245447069948,0.0572080812736226,0.32337531061291863,0.028427344799552858,0.6238369588142904,-0.04017305721651746,0.48818854285342445,0.30235505445704225,9.264089215452158e-08,-0.08407135751135715,0.14632026259139336,nan,nan,nan,nan
11,leNet_1,600,nan,nan,0.15677355962277484,0.006510316730465427,-0.012554568123955107,0.8285573063191096,0.03515981546659361,0.5440957244957451,-0.12900359953251264,0.025455163276739797,0.10489430683560778,0.06963986105206568,0.008946969533242621,0.8773556832466637,0.21270193923537814,0.00020621230615138264,0.014745610924084185,0.7992258825057555,nan,nan,nan,nan
12,leNet_1,650,nan,nan,-0.03987102085253989,0.49146727542756585,-0.017651727853843967,0.760758976527151,0.006957604239216308,0.9044771230907298,0.00369590079223697,0.9491709989407507,0.13213879793862368,0.022067536331381858,0.017228632018713597,0.7663253033607905,0.24542237272982986,1.715526721020684e-05,0.049632569421906185,0.3916656698378071,nan,nan,nan,nan
13,leNet_1,700,nan,nan,0.0197715420029664,0.7330607734769552,-0.13034488917123627,0.023954665872500443,-0.06551711070757904,0.2579422604284817,-0.058537356037400554,0.3122410318942286,0.12654135119147267,0.028420902452296958,0.0746267048793108,0.1974069809686708,0.22983059232488404,5.8673899314303296e-05,0.0850567673002394,0.14163196294467612,nan,nan,nan,nan
14,leNet_1,750,nan,nan,0.06755746954309404,0.24338083302253363,0.025863030005593562,0.6554777944086273,0.042846494011644524,0.4596856736863838,0.016577842107641964,0.7749105975117654,-0.012131120863905344,0.8342548727945271,nan,nan,0.1867882049460012,0.0011523709509548173,nan,nan,nan,nan,nan,nan
15,leNet_1,800,nan,nan,nan,nan,nan,nan,nan,nan,nan,nan,0.02308142115570217,0.6905078016276468,0.025894541829468667,0.655085061885726,0.09604335219085938,0.09683089898177025,0.06267567639624654,0.279205054872546,nan,nan,nan,nan
16,leNet_1,850,nan,nan,0.03842284618211364,0.5073498854752982,0.016268718639735284,0.7789982723707766,-0.011461804457487266,0.8432782275595992,0.04588107740833621,0.42848716677425375,nan,nan,nan,nan,nan,nan,nan,nan,nan,nan,nan,nan
17,leNet_1,900,nan,nan,nan,nan,nan,nan,nan,nan,nan,nan,nan,nan,nan,nan,nan,nan,nan,nan,nan,nan,nan,nan
18,leNet_1,950,nan,nan,nan,nan,nan,nan,nan,nan,nan,nan,nan,nan,nan,nan,nan,nan,nan,nan,nan,nan,nan,nan
19,leNet_4,50,0.06887433307719877,0.23429364646847858,0.0024203566057773873,0.9667004998923631,0.025245630643656453,0.6631914666695639,0.06663543533644721,0.24988834016102138,-0.05531315641999708,0.3396871577377186,0.49642496899926686,4.519028186526007e-20,0.3861824723703279,4.15783359640794e-12,0.40507480185950984,2.831096577121365e-13,0.2799419535364598,8.334680516010432e-07,-0.05244958377013035,0.3653148386999469,-0.05244958377013035,0.3653148386999469
20,leNet_4,100,0.10492199555310792,0.06956578700032268,0.09069444469121465,0.11698663299051554,0.03123374505689381,0.5899852595692555,0.003935926030092742,0.9458748675252144,0.03228020713232267,0.5775816459822042,0.3420283188288374,1.1734169637185919e-09,0.18889709051664,0.001009795881565159,0.36290696023388525,9.063402540506742e-11,0.09528769239510682,0.09949815038572399,-0.02228262100566093,0.700694711365614,-0.02228262100566093,0.700694711365614
21,leNet_4,150,0.09403442515666076,0.10405002573307398,0.07944984927076996,0.16989617394054837,-0.12663317414446412,0.028305205945524454,-0.07834320619778923,0.17594056806646494,0.11701898806881628,0.04283346442384597,0.2899469195233392,3.19986137448126e-07,0.15346273429590174,0.007750567347413057,0.27493688032495595,1.3269413670530552e-06,0.1780852630159292,0.0019586036785624447,-0.018568611811301868,0.7487388315417438,-0.018568611811301868,0.7487388315417438
22,leNet_4,200,0.08344546020447861,0.14935888377147624,0.10599192284857815,0.06675240838075211,0.1136199282351671,0.049285846177629745,0.07134413960324604,0.21790102064699182,0.020478705034756812,0.7238951326757741,0.28394334739355614,5.708841299587947e-07,0.24906162401780033,1.2721536327650732e-05,0.24043389379129457,2.5655305662173328e-05,0.19035042498014676,0.0009211980518084081,0.009601275235276258,0.8684650277061063,0.009601275235276258,0.8684650277061063
23,leNet_4,250,0.0664362076897256,0.2513101869479084,0.13650802998851408,0.0180007892865813,0.020493194608475925,0.7237077372443174,-0.0029810537884122413,0.9589924994439027,0.07872078515278058,0.1738605855140458,0.23353532708437008,4.4136431362241796e-05,0.1558086060842744,0.006852040736270197,0.3053302558473451,6.822162454840316e-08,0.13347710931015033,0.020744791744976232,nan,nan,nan,nan
24,leNet_4,300,0.0004745880182278413,0.9934687576806694,0.13079805017600954,0.023465266362390522,0.01198044779564713,0.836284315300674,0.04494490654831897,0.43797882630772045,-0.0678685314488513,0.24121239816642973,0.24898766964329713,1.2799655697674002e-05,0.2525018563285848,9.548750017673606e-06,0.26869578708733094,2.3395853947399533e-06,0.15498856661950897,0.00715495510294295,0.0453061252480141,0.4343023209626046,0.0453061252480141,0.4343023209626046
25,leNet_4,350,0.008609455851954264,0.8819478913761268,0.32941728908028867,5.040606490847872e-09,-0.06932340636133572,0.23125014956671863,-0.07101122648623538,0.22006150137844005,-0.04904438832571911,0.39730903977582754,0.1986509963524067,0.0005383180440945907,0.1451316885806533,0.011849379155663923,0.2590232336541178,5.480570433549943e-06,0.10006986874103305,0.08356399896868293,-0.10293092527724429,0.07505891523147774,-0.10293092527724429,0.07505891523147774
26,leNet_4,400,0.024750113843293172,0.6694082138539073,-0.034778646954210735,0.548472487818342,0.27018517926844904,2.0460698997716033e-06,0.2758517469911829,1.2196428939007492e-06,-0.05793928679242066,0.31721910367601197,0.08394006861209427,0.14695371457231854,0.15120094032331216,0.008714868787439062,0.17216963835237084,0.0027716540765206576,0.19131561671869815,0.0008663798454700465,nan,nan,nan,nan
27,leNet_4,450,-0.03890105946379835,0.5020756779414294,0.0967192042298301,0.09449383367420308,-0.04891272648175431,0.398578934973734,-0.07746105439445887,0.1808719671973632,0.053426633333658054,0.356438824175037,0.1141335796423509,0.04826164697270976,0.14986974112337403,0.009331016218758627,0.23058972973453792,5.536963904122955e-05,0.045284867991965315,0.4345181861114176,0.00889821167818828,0.8780188321889348,0.00889821167818828,0.8780188321889348
28,leNet_4,500,-0.12488844246609988,0.030573926283014228,0.07270100986064264,0.20925241478166684,0.029035409641137967,0.6164315105614402,0.056344152384821745,0.33074811783174185,-0.033624702418113786,0.5618271664263614,0.05259495115007726,0.36398562168586723,0.04744259246663677,0.4129230741646802,0.20869564808840543,0.00027286810200224704,0.10682196560357987,0.06463460564465905,-0.01622776561961041,0.779540271314327,-0.01622776561961041,0.779540271314327
29,leNet_4,550,0.04392523214090206,0.4484526925773932,0.2284917541928629,6.495859600663766e-05,-0.0764370744262155,0.18672340264150877,-0.06212885350114875,0.2834293118162,0.017705971146911543,0.7600462253472492,0.03522448790905004,0.5433548421306504,0.11599953971891608,0.044689504035085946,0.0458371359389352,0.4289300006402638,0.058054788293596005,0.316253706384075,0.11979140010358383,0.038111010526903695,0.11979140010358383,0.038111010526903695
30,leNet_4,600,0.20817567938436973,0.0002828617297857424,0.2706099564257246,1.969031847067418e-06,0.07513276780338016,0.19437669543974923,0.08462910790555983,0.1436523437155835,0.19383977695763505,0.0007369288491864391,0.1373464844864355,0.017299926717787316,0.12013688850940421,0.03755461528164135,0.23340532778955916,4.458307656157116e-05,0.11999430815403385,0.03778339616971395,0.2001858135421909,0.00048624879788936677,0.2001858135421909,0.00048624879788936677
31,leNet_4,650,-0.008538137616729797,0.8829187574903369,-0.12505726577579196,0.030347813518563246,-0.010335455193373394,0.8585087660448065,-0.14012799124662376,0.015142549685457795,-0.0900686411374197,0.11954470465171084,-0.008201071088039009,0.8875096402860628,0.17056640467407894,0.0030395342146463306,0.07276965956895926,0.20882151677892996,0.07833711062234705,0.17597429775009565,0.027642828981838515,0.633447431057621,0.027642828981838515,0.633447431057621
32,leNet_4,700,0.02308795097569722,0.6904247547519113,0.07274611268323018,0.2089692428791699,-0.0076564547169456106,0.8949352506317413,0.10214910094025172,0.07731003876192556,-0.1963612942783501,0.0006256681138289598,0.08731597866327054,0.13131749541009208,-0.03605442198231389,0.5338917672483987,0.03446461646786826,0.5520912888747804,-0.0964603871109939,0.09538344009134048,0.1133622844035236,0.04980637208447404,0.1133622844035236,0.04980637208447404
33,leNet_4,750,-0.0881277443844665,0.127756285203405,0.07380821815038852,0.202380620290676,0.20912568829222386,0.0002648526688780674,0.0763757708438635,0.18707807965577236,0.1125392043776227,0.05150008911500491,-0.0781486942248437,0.1770192616192119,0.08074522827705471,0.1630192707504941,0.09732306681549548,0.09244395877156349,0.06336937295111925,0.27390777087719737,0.2195150049508796,0.00012654138162157834,0.2195150049508796,0.00012654138162157834
34,leNet_4,800,-0.005474272387782297,0.9247738964832253,-0.018854232577666566,0.7450066281282819,0.2693895253656143,2.1981877837991856e-06,0.03003014606687548,0.6044004677508855,0.04974413473303991,0.3906007308498354,-0.0021197501581529795,0.9708343092043804,0.05677393187500425,0.3270669372347494,0.1124510759706643,0.05168424750775973,-0.018012858440589728,0.7560175916899304,0.3581859354663259,1.6440810407242255e-10,0.3581859354663259,1.6440810407242255e-10
35,leNet_4,850,0.1742084424631462,0.0024620334475328734,0.022585792455561065,0.6968220091930494,-0.05276741540782578,0.3624125429805929,-0.05475428913823346,0.3445965170200603,0.3050669007652633,7.010421784909281e-08,0.042536031122175855,0.46294735372367773,0.15108538916680636,0.008766880287091099,0.10949462195194115,0.05818726418777419,0.16932881483554785,0.003262157206460689,0.2946896711649028,2.0061524056203145e-07,0.2946896711649028,2.0061524056203145e-07
36,leNet_4,900,0.4171974255560937,4.6060407887066916e-14,-0.01842848987681671,0.7505719530232113,0.10064564748608976,0.08179267540967203,0.030129876892827354,0.6032000569344805,-0.12019989650510628,0.03745388850867752,-0.00535137181590449,0.9264579444670774,0.12181081698045752,0.03495524046589375,0.023190633124956634,0.6891193215111151,-0.007047946321167456,0.9032428199725748,-0.026249097433159688,0.6506727912676885,-0.026249097433159688,0.6506727912676885
37,leNet_4,950,-0.04196713733476688,0.4689572522593079,-0.40261312119087056,4.0572831036941384e-13,-0.10394240663402297,0.07222586173227279,-0.3600438955773194,1.30210055316624e-10,-0.3699871210920042,3.642566596845266e-11,0.07036299316827184,0.22431207463117697,0.06687949962527816,0.24815413671424186,0.16796775328675626,0.0035239728195406925,0.07863671658996568,0.17432210790898392,0.49981514356072815,2.2987231814158215e-20,0.49981514356072815,2.2987231814158215e-20
38,leNet_5,50,0.11301073124356927,0.05052401792660748,0.06273852538334242,0.2787222843757874,0.10938926468815027,0.058430954073538634,0.10938926468815027,0.058430954073538634,0.1162364418953104,0.04425227857342529,0.5625798365033268,1.9391982031424655e-26,0.41989028554421776,3.0463922475125084e-14,0.5306787731637825,3.4103755062907145e-23,0.3468309929763149,6.619112000323299e-10,-0.13675590583586716,0.01779105834102282,-0.13675590583586716,0.01779105834102282
39,leNet_5,100,-0.0012678182285781098,0.9825535766017524,0.08525924790263387,0.14068299842684948,0.06838482845182701,0.23764319840088632,0.056325276433894005,0.33091040468095784,0.06065142821887773,0.2950570303972358,0.3372585702569279,2.0522979551570863e-09,0.3193544801369279,1.5394142414082834e-08,0.27451152133626594,1.3798513154759578e-06,0.23388237795722894,4.2964645254248515e-05,-0.05363841428489129,0.3545328819230073,-0.05363841428489129,0.3545328819230073
40,leNet_5,150,0.08873834228194911,0.12512719782009316,0.07145495131285634,0.21718527074429542,0.04348319508734238,0.45303679762102234,0.032932315851944796,0.5699145627127135,0.045776902048702245,0.42953745646617625,0.26695314636886003,2.734110485726108e-06,0.2233513292865584,9.54756311661813e-05,0.2995696273821433,1.2298897218432948e-07,0.24420607227632166,1.8938915306904764e-05,-0.045851497022139795,0.4287852432269199,-0.045851497022139795,0.4287852432269199
41,leNet_5,200,0.12111884467227066,0.03601063138699914,0.1153564257391142,0.045894748070949426,0.10080349439220723,0.08131240515421312,0.09522827334620586,0.09971033079038355,0.0691110486514158,0.23268585728304403,0.204281811855587,0.0003692775512442979,0.22378174300270834,9.247718154349739e-05,0.3056514960579786,6.599114894549643e-08,0.18416646431910838,0.0013553756913093345,0.09250437311271492,0.10982857568350426,0.09250437311271492,0.10982857568350426
42,leNet_5,250,0.019861498785890743,0.7318926947721108,0.05399007328333958,0.35138226865483346,0.060671435369312646,0.29489747520078824,0.060671435369312646,0.29489747520078824,0.034085467178406666,0.5564759863485568,0.12326352422175857,0.032824837162692216,0.16328676816263354,0.00457601024022028,0.2280348496969534,6.724472232337857e-05,0.23491196466492478,3.965871533148849e-05,0.017239030712180144,0.7661883509670835,0.017239030712180144,0.7661883509670835
43,leNet_5,300,0.05104086933457706,0.37835165294011,0.09920913970602535,0.08626944785392035,0.14137690624851956,0.014253151256228558,0.15522967517086908,0.007064674089845467,-0.12193869891072452,0.03476310066173333,0.04925679270300341,0.39526549723253146,0.2467805795705436,1.5352035662037144e-05,0.16416633279946924,0.004359004569926314,0.16836461946350412,0.0034457321983168156,nan,nan,nan,nan
44,leNet_5,350,0.034608017292310875,0.5504373307559814,0.11545968977996064,0.04569940720187959,0.1295225744345068,0.024865254154598018,0.07484933207165924,0.19606968650980586,0.07161384936622527,0.21616186238220617,0.11223521746245818,0.05213763550019874,0.055244862947214216,0.34028467576471927,-0.00034734829621762165,0.9952197958874262,0.13341872296423093,0.02080103088231293,nan,nan,nan,nan
45,leNet_5,400,-0.004018054237570608,0.9447472559076417,0.18126427710203633,0.0016180182287216262,0.12519061304857798,0.03017022728361552,0.0996411329013404,0.08490293345374977,-0.024606479309181306,0.671214496459681,0.09546016948545664,0.09888427884381772,0.25611462694272996,7.033487836846958e-06,0.016387931739839868,0.7774211379998152,0.15646295989996573,0.006618608531728861,nan,nan,nan,nan
46,leNet_5,450,0.03365192855131246,0.5615102837610737,0.1357739025419036,0.018634634671961248,0.07067320786103844,0.2222707160160482,0.061316792108974595,0.28978166147352497,0.0358858995545053,0.535806572003066,0.07851378915280478,0.17499859675878615,0.15394954463348481,0.007555906813822585,0.10310799085888235,0.07455655488274696,0.10997730380059291,0.05708154546773539,nan,nan,nan,nan
47,leNet_5,500,0.06825054787835176,0.23856789862053268,0.11447604633535695,0.04758871508809676,-0.010424288294562368,0.857305579130748,0.001212561460638279,0.9833138511557057,-0.06602928780187778,0.25423171541065404,0.008744259960970375,0.8801132654147529,0.19338063066473224,0.0007590579657753859,-0.06056418265708911,0.2957534782493166,0.22852345866789978,6.480270887635016e-05,nan,nan,nan,nan
48,leNet_5,550,0.14294716974967417,0.013200205299342953,0.06330675772092438,0.2743830953743811,0.15043953588153436,0.009062703140262352,0.16814708223623018,0.0034884217768454294,0.0016297310769497477,0.9775744606256358,0.0467951434592085,0.4193355557980185,0.09700094574522104,0.09353296627061385,0.05478492210176594,0.34432626122702575,0.053272535021174405,0.35782967682157985,nan,nan,nan,nan
49,leNet_5,600,-0.005968367116677904,0.9180070117365885,0.005845171019818856,0.9196937127745157,0.11051121688647889,0.055878782548470084,0.11266388061050436,0.05124049180833958,0.07517363744138024,0.19413346000884613,0.09248252592269182,0.10991287688185722,0.034872043827940374,0.5473984610031124,0.05684532614101367,0.32645799940678083,0.0035523764135100017,0.9511423555506879,nan,nan,nan,nan
50,leNet_5,650,-0.006660831694003864,0.9085333932618898,-0.046105972704042944,0.42622486125027903,-0.03880060930386889,0.5031811414542621,-0.025256609718497785,0.6630539823435093,0.1573947602583448,0.00629847789488603,0.06515680508924539,0.26057483407830095,0.07292093127891161,0.20787427871227493,0.044487082836293185,0.4426640754101737,0.049381534479166565,0.3940683083778259,nan,nan,nan,nan
51,leNet_5,700,0.011028465254204273,0.8491312812396262,0.08309011256393564,0.15110522668997547,0.06304202843287973,0.2763989005003023,0.06476845186495936,0.263432982855814,-0.0817373889349467,0.1578949508650528,0.040654280786806454,0.48298899907820564,0.12719518636781427,0.027605835333522007,0.010048453201308472,0.8623982439054245,0.11673760864095246,0.04333915648017111,nan,nan,nan,nan
52,leNet_5,750,0.0176525453879072,0.76074823271391,0.04714360373162308,0.4158771140058264,-0.030871353970579003,0.5943089294497841,-0.05277373333508939,0.36235499654620895,0.012204500495418885,0.833266906140507,0.04968222202943885,0.3911914979720141,0.041425223557951966,0.47472184098355924,-0.05807786804691605,0.3160610289060641,-0.020508885850255683,0.7235048190764508,nan,nan,nan,nan
53,leNet_5,800,0.029551398873841332,0.6101777011405707,0.05059499943363684,0.3825365788439052,0.016131855805857742,0.7808100212134114,0.024366598457560784,0.6742353424746084,0.05476644691520265,0.34448924032142136,0.12708766980177147,0.027738470585469126,0.042399689886314394,0.46438378259588187,-0.06866525670807312,0.23572020728625262,0.1152358359133171,0.04612374878520875,nan,nan,nan,nan
54,leNet_5,850,-0.07972184271881687,0.16843456127248524,-0.02473229213168155,0.6696322284871636,0.040084861561727476,0.4891447290594548,0.06524390019636452,0.2599367849010072,0.05264544905196474,0.36352458168280166,nan,nan,0.02085786907845254,0.7189968105865969,nan,nan,-0.06777488415956259,0.2418637913562702,nan,nan,nan,nan
55,leNet_5,900,0.03228648249236837,0.5775076345798499,0.09276893352410015,0.10881175390086563,-0.09144420217560223,0.1139784181387117,-0.10581641791680522,0.06720740187204988,0.03199606093368377,0.5809375029094987,nan,nan,nan,nan,nan,nan,nan,nan,nan,nan,nan,nan
56,leNet_5,950,nan,nan,nan,nan,nan,nan,nan,nan,nan,nan,nan,nan,nan,nan,nan,nan,nan,nan,nan,nan,nan,nan
57,resnet20_cifar10,50,0.035334698932491616,0.5420934258461378,-0.022776960376692232,0.6943840639098017,0.022397563694526355,0.699225519561039,0.01790814998193153,0.7573914065911242,0.07189305857410679,0.21437194742531937,0.15345474906426854,0.0077537973294639646,0.14985009170356933,0.009340393500982926,0.15067842879179943,0.008952264248519293,-0.005699538863975439,0.9216880533073886,-0.027111955482765106,0.6399859550234782,-0.027111955482765106,0.6399859550234782
58,resnet20_cifar10,100,0.008082848113307433,0.8891207480711042,0.013143197639163337,0.8206521266295344,0.029634042932834878,0.6091786613098621,0.04793535436802377,0.408081617093631,0.0017802356109225563,0.975504097767325,0.13765484498036235,0.017048223727697757,0.11542605037793283,0.04576296496306222,-0.0171361801081279,0.7675432282152452,0.0403499394445668,0.4862738749209149,-0.05659001478055517,0.3286389857073262,-0.05659001478055517,0.3286389857073262
59,resnet20_cifar10,150,-0.044877774633903814,0.43866405614550075,0.047915654299362884,0.408274525058662,0.02733938361516958,0.6371813822778605,0.03096057763708751,0.593243069596483,-0.09544243203029484,0.09894726997878066,0.01907745362093417,0.7420939368488384,0.15508174879944978,0.0071199423914901265,0.06987287987414857,0.22756436273099043,0.19580097861149204,0.0006489553940377695,0.05495233431089068,0.34285166476544593,0.05495233431089068,0.34285166476544593
60,resnet20_cifar10,200,-0.02872955611055826,0.6201516228157926,-0.1604364866359614,0.0053477306496499295,-0.03788786811681773,0.5132842793362825,-0.02409802646224597,0.6776237078216629,-0.14112951176955055,0.014425596840805757,-0.04895977597688855,0.39812485762922367,-0.0837204084530487,0.1480182094266446,0.04095548455527352,0.47974983093648205,0.0020385422549491676,0.9719511834096122,-0.06081220778278272,0.2937764544329049,-0.06081220778278272,0.2937764544329049
61,resnet20_cifar10,250,0.016323175677059258,0.7782777181050665,-0.01766382292853181,0.7606000309872349,-0.06530326146565243,0.2595025278977169,-0.06096555914482654,0.2925585035876058,-0.059968125244393496,0.30054085483699716,0.07169951806977255,0.2156115348092133,0.002224124804979821,0.9693989004019071,0.08400129605430409,0.14665804091371673,-0.042943303139053784,0.4586712347610646,-0.015153836272763913,0.7937906746173713,-0.015153836272763913,0.7937906746173713
62,resnet20_cifar10,300,0.06289499044025995,0.2775228635240696,0.02205341922273799,0.7036276802895136,0.06103713503909267,0.2919911882716049,0.05764236580279568,0.31970967620857876,0.0966569410233722,0.09470723807877561,0.12164145413251609,0.035211092366963945,0.03714708292642124,0.5215606300633138,0.12345330330541514,0.03255486823881657,0.18498724821930876,0.0012885418110056756,-0.09201544815539449,0.11172737692462474,-0.09201544815539449,0.11172737692462474
63,resnet20_cifar10,350,0.003072019307916899,0.9577423214472359,-0.049501686275918666,0.3929172381199923,-0.0042250627519858485,0.9419055445753614,-0.011017224229741088,0.8492832238516326,-0.12373723087456798,0.032154503280887495,-0.014526439092161668,0.8021480035006107,0.03091266245316002,0.5938153528374889,0.10352696148724387,0.07337875497740859,-0.05098472899873699,0.3788770360716817,0.05028051299954056,0.38550525152277787,0.05028051299954056,0.38550525152277787
64,resnet20_cifar10,400,-0.08130926630980383,0.16009103113829515,-0.06404919375287038,0.26878315297024497,-0.09401297086999899,0.10412935727508235,-0.08769179545347427,0.12965938489226025,-0.03938354293576731,0.496783770967783,0.17677475920734947,0.0021171593288556475,-0.05712369203219699,0.32409075900612966,0.047399495563099726,0.4133481115093978,-0.04565289377405566,0.4307896385343025,0.03441462427508491,0.552668459634158,0.03441462427508491,0.552668459634158
65,resnet20_cifar10,450,0.08131646435499101,0.16005391941473662,-0.009066393263723375,0.8757317800184821,0.16945829617958352,0.003238192139132128,0.19758076381905695,0.0005776347437836586,0.057311173329667446,0.3225026914910312,0.0342062435379578,0.5550774280431258,0.0360044632194679,0.5344590555787526,0.09343217267764464,0.10629519614204448,0.11108743388774824,0.05460436264996749,0.053266897675049406,0.35788062244196667,0.053266897675049406,0.35788062244196667
66,resnet20_cifar10,500,-0.09408012391570596,0.10388120463947408,0.08530222701546313,0.14048219579213023,0.19576923669105642,0.0006502983269785236,0.2098279771240416,0.0002522334284439087,-0.08583287880985825,0.13802097496808985,0.11478836073660231,0.046981890814904365,0.172599483442153,0.002703575918420963,0.07495275959968412,0.19545066178181697,0.04025580992112777,0.487292280050432,nan,nan,nan,nan
67,resnet20_cifar10,550,-0.3082350189355973,5.0437199563618725e-08,0.2810710978676627,7.495040771685443e-07,0.13973604683048832,0.01543151706130205,0.23967020236605183,2.7265116884360488e-05,0.3753843321142631,1.790923394073308e-11,-0.07731470225073128,0.18169988407509177,0.11212527579206935,0.05236982551224773,0.006885452405134024,0.9054630661661761,0.08642729858135115,0.13530340660695384,nan,nan,nan,nan
68,resnet20_cifar10,600,-0.04915147180372756,0.39627799839648364,-0.06234094414314218,0.28178580709275514,0.1526694105710951,0.008077385683303575,0.12854367768917355,0.025987978506398727,-0.04045210960121805,0.4851697739009334,0.1690634857094917,0.0033117686141379567,-0.007499929344847491,0.897071131771904,-0.006827213538795558,0.9062589966283016,0.12882610935950908,0.025659659162383733,nan,nan,nan,nan
69,resnet20_cifar10,650,0.2125789963071791,0.0002080084877652786,0.26925409590088795,2.225133302125886e-06,0.3118066556967556,3.463439247833634e-08,0.35455540706499017,2.5819224924084316e-10,0.1270597793160006,0.027772966198381363,0.05948443255008029,0.30446330856514253,0.07428055773523144,0.1994994169701058,-0.04438457009609502,0.443717058326831,0.05723782746157625,0.32312336802486197,nan,nan,nan,nan
70,resnet20_cifar10,700,-0.03197584809170275,0.5811765685366553,-0.06353314198017317,0.272667216410572,-0.09528909853183229,0.09949313353467387,-0.15649179835109797,0.006608486458994993,-0.06048252458116836,0.29640631462581357,0.0047190258505607745,0.9351277002707827,0.006707474622643961,0.9078957204647332,-0.03679480628696777,0.5255202369781753,-0.0639061513104402,0.2698559554324928,nan,nan,nan,nan
71,resnet20_cifar10,750,0.0060725495280379875,0.916580916822312,-0.058376955419084484,0.3135710841735564,0.050156502560285234,0.38667971857908934,0.021993090826200764,0.7044004015666483,0.04205269275197178,0.4680506945316684,0.03882363069906763,0.5029276758713713,0.05698386379126384,0.3252784729755087,-0.09455054691828857,0.10215592185708737,0.02386015053060581,0.6806302356401038,nan,nan,nan,nan
72,resnet20_cifar10,800,0.10435391028069967,0.07109849820869357,-0.05323416357802102,0.3581765355820757,0.0782399055389024,0.17651282758562326,-0.013245415232184768,0.8192811856521496,0.08224997303315286,0.15529557636064448,-0.04513874644228667,0.4360037023628528,-0.08885951629486144,0.12461047741403085,0.011261291116109724,0.8459854839395582,-0.06696628217023502,0.24753952569823318,nan,nan,nan,nan
73,resnet20_cifar10,850,-0.40391508286651756,3.3553690803165554e-13,-0.18280784883608886,0.001473029850205857,-0.2329005974753747,4.635795659453288e-05,-0.31505806011693654,2.449118200006466e-08,-0.2754712267268358,1.2632221946200252e-06,-0.08521944578242355,0.14086915361313912,0.19133697671637306,0.0008652014682309615,0.12232675619140308,0.03418553753251752,0.09857779763384034,0.08829829196537799,nan,nan,nan,nan
74,resnet20_cifar10,900,0.055201432397723224,0.34066500973796304,0.013463588863043033,0.8163568867188686,0.16029645100399614,0.005388496351480247,-0.056602438551763945,0.32853263910411207,0.41498372714506077,6.452447074515016e-14,0.006818522605312527,0.9063777806656876,-0.0599268818937379,0.30087400066491415,nan,nan,0.07746513850502317,0.18084890334346915,nan,nan,nan,nan
75,resnet20_cifar10,950,0.04212274488509059,0.46730913159774357,-0.33621560638152453,2.3162267913275677e-09,-0.31272814325349585,3.140785151878229e-08,-0.2551457612805579,7.63789062814229e-06,-0.010813271645302075,0.8520409709250676,nan,nan,0.050390039771397624,0.38446976063808697,nan,nan,-0.10372945377279623,0.0728149655878444,nan,nan,nan,nan
76,resnet50_cifar10,50,0.006793131655662219,0.9067248254534815,-0.07545978765113714,0.19243666252347658,-0.0460654997343054,0.42663148163778003,0.015400835606269076,0.7905068810234339,-0.05294085713380847,0.36083482832353864,0.20608743948959748,0.0003265344560042097,0.20490588344160543,0.00035394823214169577,0.14651485822023103,0.011058534894430353,0.006201262255936398,0.9148194093395908,-0.06370320993220442,0.2713830014597054,-0.06370320993220442,0.2713830014597054
77,resnet50_cifar10,100,0.08457545549969293,0.14390735728514648,0.026796783165550158,0.6438810304454996,-0.04169042709086861,0.471895922203184,-0.006250155048939681,0.9141503920319797,0.07230279522244501,0.21176455660601656,0.21940024351943188,0.0001276026722519591,0.07567065711779783,0.19119322015963558,0.14642129736242723,0.011110519543462814,-0.061137978569362976,0.29119314448174516,nan,nan,nan,nan
78,resnet50_cifar10,150,-0.06020580720419304,0.29862573130254555,-0.07776903545958412,0.17913882155366506,-0.07815444043134642,0.17698732511079146,-0.1541116015069925,0.007492079640585571,-0.063264160131269,0.2747067822686589,0.04943226864090616,0.39358202084694255,0.11444379290297464,0.047651755052625006,-0.06440348227424737,0.26613858644786303,0.04277540081260982,0.4604314369524909,nan,nan,nan,nan
79,resnet50_cifar10,200,-0.11463738092505059,0.04727442972957097,0.004666879400022766,0.9358430081071074,-0.052839578795162864,0.36175558639398003,-0.04959364525116571,0.39203762995803815,0.027837900233764597,0.631051931606857,0.08899999029422974,0.12401353047743936,0.09555912764949376,0.09853343239735995,0.07745917731447664,0.18088256820202042,0.008472154802578095,0.8838171475967601,nan,nan,nan,nan
80,resnet50_cifar10,250,-0.053604633475252635,0.35483646544228103,0.011717404538020426,0.8398298842576478,-0.05520421050324036,0.3406406729507634,-0.00975637929054112,0.8663598668723442,0.04481842498250987,0.4392703609391596,0.1634546400395378,0.004533856200527319,0.11668357644054948,0.04343683474561577,0.23235449055386712,4.835332602626985e-05,0.09406119728616637,0.10395109741046364,nan,nan,nan,nan
81,resnet50_cifar10,300,-0.05820622459749158,0.3149908648858586,0.05504069413640117,0.3420749973179604,0.07081793619719044,0.22132287702545336,0.1209108859518758,0.036333043448825604,0.04452414420520143,0.4422837413556142,0.09614184500169427,0.09648748003401596,0.033216916312729855,0.5665836161369896,0.14641410954316075,0.011114522186959883,0.056180777125484346,0.33215444161303825,nan,nan,nan,nan
82,resnet50_cifar10,350,-0.0872529547955713,0.13159715227481325,-0.03351997658659123,0.563046862530989,-0.00873242306887536,0.8802743349328438,-0.020652838540173267,0.7216441358493119,0.032950299865107495,0.5697038041416719,-0.0667973023899418,0.24873725255570742,0.21637272901079044,0.00015880668669829772,-0.016878615566306605,0.7709392862187108,0.10085168565664422,0.08116623140087453,nan,nan,nan,nan
83,resnet50_cifar10,400,0.16332362268907386,0.004566725617641463,0.009942325302919868,0.8638373453377796,0.10485602252761378,0.06974238700314567,0.13987819611075436,0.015326161864235643,0.039663905560424546,0.49372238028801885,0.026403055562388655,0.648760632498894,0.07282044258148991,0.20850317570613994,0.06395582004490602,0.26948311472210545,-0.0090574847320346,0.8758528988118107,nan,nan,nan,nan
84,resnet50_cifar10,450,0.12042444845399201,0.03709677037051806,0.043303137206203546,0.4549115893429398,0.08165965593452752,0.15829199082142606,0.045692486615210824,0.43038961830214284,0.013709322765292742,0.813066228440411,-0.023521617037542814,0.684917691595047,0.13073810761584184,0.02352950285464417,-0.0563892678059772,0.3303604435501212,0.10258292389654597,0.07605425814671801,nan,nan,nan,nan
85,resnet50_cifar10,500,0.0988237528118431,0.08750340046029777,-0.1598638795199722,0.005516191026509964,-0.007810423789806889,0.8928349907474123,-0.06451056379138435,0.26534280131118626,0.040113329714159644,0.4888359777313818,-0.014240935648981143,0.8059586214808703,0.038235417663176584,0.5094249007200037,-0.06070463786479058,0.29463281528944724,0.04518636305837202,0.4355192976123365,nan,nan,nan,nan
86,resnet50_cifar10,550,-0.04682587959906248,0.4190298269353565,-0.12821050582909527,0.026379921789908393,-0.12101971607357645,0.036164012966589235,-0.22759290531492388,6.952789404517164e-05,0.04154361936730405,0.47345911439370253,0.04066280705313546,0.48289714472308914,0.019930135791204086,0.7310018663893603,0.011325439681239634,0.845119175508072,-0.07417055829474598,0.20016771967195052,nan,nan,nan,nan
87,resnet50_cifar10,600,0.10490048043398618,0.06962333959643556,0.2108617307742532,0.00023467551407217637,0.055331506118638886,0.3395267254276339,0.1577389041371218,0.006183796010760969,0.0054901063996285636,0.9245569547906665,0.17035409446348804,0.0030767176523921816,0.1524341849182316,0.008176620805335178,0.11781772350455175,0.041424954200110956,0.17714331514006784,0.002071424418175994,nan,nan,nan,nan
88,resnet50_cifar10,650,-0.02557871957117675,0.6590254369815869,-0.15896606130121027,0.005789934591536755,-0.1841187337108195,0.0013593584481403603,-0.24361789976086778,1.986318802527777e-05,-0.08881428829927883,0.12480314841883654,0.12756547262882278,0.027153197180534067,-0.05873136661508538,0.3106372333103538,0.25514308013083253,7.639629788532286e-06,-0.008315756123608088,0.8859471882158295,nan,nan,nan,nan
89,resnet50_cifar10,700,0.038485422297829856,0.5066580919677036,0.2409956905863678,2.4528951810630457e-05,0.1652164768740578,0.004112097287626726,0.04467645544188384,0.440722635783277,0.11323868289578452,0.050057711450164584,0.10677566031520323,0.06475127987907475,-0.042260025532153536,0.465857777569156,0.020065776253194743,0.7292424731990095,-0.0038791482355968773,0.9466544838654576,nan,nan,nan,nan
90,resnet50_cifar10,750,-0.04656907116954816,0.4215882781172183,0.19371439338889182,0.0007429119323247357,0.13579319796337522,0.018617729586455578,0.16079470340629978,0.005244708489332803,-0.21015610360146095,0.00024653176194492456,0.07588864889196172,0.189913973969219,0.03134998900632803,0.5886014195093808,0.2233565974773928,9.543838476044916e-05,-0.005178236507087678,0.9288308896955376,nan,nan,nan,nan
91,resnet50_cifar10,800,0.08089004824360531,0.16226362190968271,0.22036445499861226,0.00011893942468327236,0.11658614302108329,0.043613440514524066,0.09422082167126321,0.10336279613188723,-0.07777296173960552,0.17911680624072968,nan,nan,nan,nan,nan,nan,nan,nan,nan,nan,nan,nan
92,resnet50_cifar10,850,0.0616491858421173,0.2871700744852018,0.015619631520036661,0.787601130296782,0.08422693241901202,0.14557232734409356,0.10804222158803405,0.0616216444262908,0.05970205147660579,0.30269438584717906,0.0513051318726835,0.3758845817971659,nan,nan,0.020276811113346283,0.7265079601336365,nan,nan,nan,nan,nan,nan
93,resnet50_cifar10,900,-0.0640641225345287,0.26867135690904487,0.13081964114480782,0.0234421658693699,0.019063836597466865,0.7422715133240418,0.012657416471230984,0.8271748029294023,-0.04738443220447058,0.4134967326052114,nan,nan,-0.013675956603394082,0.8135128483150862,nan,nan,-0.022619715805895807,0.6963891598172098,nan,nan,nan,nan
94,resnet50_cifar10,950,0.4304113602957519,5.8445590356467656e-15,0.2065063229717562,0.0003173000678912626,0.10050157127021785,0.08223304272491172,0.12853515918781963,0.02599793692062651,0.47313182961255196,3.856517400543114e-18,nan,nan,-0.03914234066320994,0.4994255881562767,nan,nan,-0.00019789817834321542,0.9972765161101553,nan,nan,nan,nan
95,MobileNet,50,-0.04200541585247608,0.46855152804772165,-0.13525166655007595,0.01909727835388394,-0.03425294387617004,0.5545371090160016,-0.04128895966295335,0.4761774104546905,0.09566268613456999,0.09816733571726952,0.3534585036946718,2.9558335320928754e-10,0.32682091319089746,6.749772189026496e-09,0.0757858669045367,0.190516348053081,0.04967315764369587,0.3912780350465626,-0.029137816833372424,0.6151881069820962,-0.029137816833372424,0.6151881069820962
96,MobileNet,100,0.12339219108640678,0.032641595698846976,-0.025284906316189352,0.6626996931956896,-0.05327131105454845,0.3578407376225122,-0.04208765768299486,0.467680479198494,0.1767153736985263,0.0021246142022544974,0.24090161977748475,2.47142344280625e-05,0.3097868200917081,4.2863862145210685e-08,0.1491016938354548,0.00970383561003421,0.11578905098457765,0.045081017287956535,-0.022018624861392284,0.7040733096492597,-0.022018624861392284,0.7040733096492597
97,MobileNet,150,-0.06020179057746832,0.29865802779997475,-0.10822389979850319,0.0611831139368654,-0.17178064155872894,0.0028346016923578546,-0.14743825638386399,0.010556893117235096,0.03585631934476169,0.5361430263198572,0.08386537308492427,0.14731504093060097,0.21540935222475788,0.0001701481421398653,-0.04948167296110654,0.3931088275034198,0.0915879450156792,0.1134086699249544,-0.0829491909338879,0.15180205168980634,-0.0829491909338879,0.15180205168980634
98,MobileNet,200,0.005748198243441108,0.9210216386622265,0.03716798536983344,0.521326166465463,-0.028186678035600755,0.6267785065887221,-0.022132676275199003,0.7026129725036139,0.13339812049690966,0.020820907213217377,0.14569363602959765,0.011522251727373692,0.21992019481160363,0.0001228601060748005,0.14506893108832378,0.011886416167898876,0.06189466834275434,0.2852515188223183,0.07646438118183814,0.1865655763227877,0.07646438118183814,0.1865655763227877
99,MobileNet,250,0.002292641518822178,0.9684566799469039,-0.012421323747179169,0.8303491832196654,0.09640656263831617,0.09556928117815204,0.07857813452060129,0.1746442514373349,0.11293982979822972,0.05066979282937046,0.12397771544809387,0.0318186883390663,0.24385410024842882,1.9486994038143193e-05,0.015754175700092847,0.7858157535856842,0.1197860761212819,0.03811963885924716,-0.057982498385144916,0.3168577029434304,-0.057982498385144916,0.3168577029434304
100,MobileNet,300,-0.012411268776238908,0.8304844387093432,-0.08587579923635232,0.13782335995079456,-0.02662240064597766,0.6460403452367051,-0.013403607504892154,0.8171605975320131,0.14348607709198768,0.012854949168859462,0.057654775935886415,0.3196053258862035,0.16096943517594234,0.005195106355292284,0.18138393462804925,0.001606328005736665,0.10413312101095085,0.07170157903677818,-0.0032863754390559273,0.9547967479598953,-0.0032863754390559273,0.9547967479598953
101,MobileNet,350,0.1745575107285811,0.0024122962931459697,0.061120965423179054,0.29132767871501364,0.009875942261453519,0.8647377326934987,-0.004714006463856027,0.9351965503824613,0.08006582413030944,0.16659957941538558,0.024379733855147974,0.6740697911194555,0.08157751349738215,0.15871236993894236,0.09203525087581463,0.11164997310908867,-0.039806047994291396,0.4921741175624628,nan,nan,nan,nan
102,MobileNet,400,-0.035131340689631974,0.5444220876763852,-0.1017820213892171,0.07838570025534433,0.00402513711324338,0.9446500138993976,-0.020550095581481194,0.7229719894918437,-0.09461387711514072,0.10192540048016152,0.0685301576180774,0.23664525543798334,0.16090251494616925,0.005214053346480061,-0.001726141587627631,0.97624820505674,-0.03779111377741128,0.5143613812716266,nan,nan,nan,nan
103,MobileNet,450,0.09613415785929538,0.09651424818299993,0.05685864669650611,0.32634446656558935,0.07137890830127733,0.21767626287704292,0.043236953840858024,0.45560179246299687,0.08799725633388122,0.1283236396869938,0.00843179957530641,0.8843666782121635,0.11529450500949207,0.04601221655563312,0.14970704604230176,0.009408911592686012,0.011115973762453553,0.847948637853443,nan,nan,nan,nan
104,MobileNet,500,-0.12041109721902925,0.03711792267220837,-0.13359236757679116,0.02063415924431388,-0.16424315909492,0.004340498024305315,-0.14754840994878946,0.010498416786262132,0.053397576294777475,0.35670082602600045,0.06248454187619107,0.28067671755747664,0.032970224598231596,0.5694703450609762,0.004414577556139235,0.9393046224152065,-0.1082778152693587,0.061053470002790884,nan,nan,nan,nan
105,MobileNet,550,-0.17718756054866053,0.002065994962540144,-0.0864517875160028,0.13519233664428487,-0.1973274468845231,0.0005873221539718645,-0.15809357906709284,0.0060675656793688195,-0.18673978834463298,0.0011558516007840532,-0.0018591161596716627,0.9744190698510217,0.12372083199626362,0.032177512486120566,-0.10431033557889571,0.07121719267123883,-0.0025247015334424333,0.9652657962734997,nan,nan,nan,nan
106,MobileNet,600,-0.0037411620845405986,0.9485493831806038,0.10575211061433952,0.067374751899971,0.031845746241601046,0.5827164317856447,0.032463918723249684,0.5754167983209232,0.09819381358562249,0.0895508419298662,0.059098742050013524,0.30761515021956337,0.02774442642619313,0.6321993225112679,0.05834153589122071,0.31386528447212886,0.04463832931689044,0.4411131122333913,nan,nan,nan,nan
107,MobileNet,650,-0.2077366981126327,0.00029156335830737064,-0.19530207566668628,0.0006703626594802891,-0.15529353398508608,0.007040933811574943,-0.16279332072806113,0.00470197168392287,-0.0316994201089733,0.584450582673311,0.03606423774904662,0.5337803435043565,0.04816831330892923,0.405804525053632,-0.03819294533344347,0.5098957242661318,-0.008833003334487343,0.8789058550343088,nan,nan,nan,nan
108,MobileNet,700,-0.008746488766890556,0.8800829376766952,-0.08945709238524226,0.12208642483942743,-0.10913046718457292,0.05903313132885681,-0.13536235282861225,0.018998396619922635,-0.017828750119789356,0.75843367191493,0.052278857682453286,0.3668797770769227,0.014654747702171334,0.8004369847071673,-0.042974503184565714,0.4583445634473088,0.020768634112198557,0.720148589742046,nan,nan,nan,nan
109,MobileNet,750,-0.02802606638829815,0.6287448757436658,-0.022418784299192474,0.6989544011304885,-0.042466855889213076,0.46367584410361584,-0.07122919795269705,0.21864522736994843,-0.17057459589584906,0.003038107831018323,0.04158797098900486,0.4729865647938416,0.045471479202485114,0.4326252753379308,-0.037503824390324556,0.5175664601423564,0.045615297135643655,0.43116968901278585,nan,nan,nan,nan
110,MobileNet,800,0.3294333534887258,5.031465549015292e-09,-0.08371311268325854,0.14805366575947385,-0.10354473129610026,0.07332913759235973,-0.07552411739570193,0.19205670144034945,0.3584397076684449,1.592679918111198e-10,0.12582605990527168,0.029336121895243532,-0.04539464111495582,0.43340411487368397,-0.02706765167867663,0.6405328934420097,-0.012545861632237183,0.828674364652018,nan,nan,nan,nan
111,MobileNet,850,-0.013011245219144069,0.822422676555955,-0.14652112401780307,0.01105506116132789,-0.16805370908296174,0.003506891797483568,-0.13840191966858614,0.016451629534389476,-0.0489504022338736,0.39821529940892275,nan,nan,0.12102467118358415,0.03615633279449287,nan,nan,0.0410517888765279,0.47871665988102247,nan,nan,nan,nan
112,MobileNet,900,0.2571334014138985,6.4471689600166805e-06,0.6604270992356118,5.8151866156859476e-39,0.3667326822133329,5.553668170665323e-11,0.3970683012921256,9.02736482510403e-13,-0.5147972661688794,1.0575227120203042e-21,0.023275380227119242,0.6880425957293808,0.06260643846918694,0.2797375562005955,0.013611312881033564,0.8143783028419809,0.03966016630054583,0.4937631445368884,nan,nan,nan,nan
113,MobileNet,950,nan,nan,nan,nan,nan,nan,nan,nan,nan,nan,nan,nan,0.02168978044883272,0.7082899646919942,nan,nan,0.039631390713151755,0.4940769070056384,nan,nan,nan,nan
