No.,Fitness,No. Wrong Cases,No. Wrong Classes,Jaccard,Runtime
0,35.0,29.0,36.0,38.0,3.5892999999999997
1,35.0,31.0,37.0,38.0,3.5900999999999996
2,37.0,32.0,37.0,38.0,3.59089
3,35.0,31.0,36.0,37.0,3.5916949999999996
4,35.0,32.0,38.0,36.0,3.592523
5,36.0,28.0,36.0,37.0,3.593330999999999
6,34.0,32.0,37.0,39.0,3.594116999999999
7,35.0,34.0,37.0,38.0,3.594901
8,39.0,32.0,40.0,41.0,3.5957169999999987
9,35.0,31.0,38.0,37.0,3.596522
10,35.0,32.0,39.0,38.0,3.597313999999999
11,35.0,28.0,38.0,37.0,3.598091
12,34.0,30.0,36.0,37.0,3.598870999999999
13,36.0,32.0,38.0,37.0,3.5996819999999996
14,35.0,31.0,35.0,37.0,3.600467
15,35.0,33.0,35.0,39.0,3.601246999999999
16,36.0,31.0,37.0,38.0,3.602039999999999
17,36.0,32.0,38.0,38.0,3.6027839999999998
18,34.0,33.0,36.0,39.0,3.603586
19,34.0,31.0,36.0,37.0,3.6044009999999993
20,34.0,34.0,34.0,38.0,3.6051830000000002
21,36.0,31.0,37.0,39.0,3.605995
22,37.0,31.0,38.0,39.0,3.6068040000000003
23,36.0,30.0,36.0,37.0,3.607621
24,37.0,33.0,38.0,40.0,3.608404
25,34.0,32.0,39.0,36.0,3.6091870000000004
26,36.0,31.0,38.0,38.0,3.6099499999999995
27,35.0,30.0,38.0,36.0,3.610740999999999
28,39.0,30.0,39.0,39.0,3.611568
29,35.0,28.0,37.0,38.0,3.6123499999999993
30,36.0,31.0,37.0,37.0,3.6131130000000002
31,37.0,32.0,38.0,38.0,3.613904
32,37.0,31.0,39.0,40.0,3.614680999999999
33,35.0,31.0,38.0,39.0,3.615494
34,36.0,32.0,38.0,39.0,3.6162989999999997
35,34.0,31.0,36.0,38.0,3.617106999999999
36,35.0,32.0,37.0,38.0,3.61787
37,35.0,31.0,37.0,37.0,3.6186809999999987
38,39.0,31.0,39.0,39.0,3.619524
39,36.0,32.0,37.0,38.0,3.620305
40,35.0,30.0,38.0,37.0,3.621108999999999
41,36.0,31.0,36.0,38.0,3.6219
42,35.0,31.0,39.0,36.0,3.622643
43,37.0,30.0,38.0,37.0,3.6234209999999987
44,34.0,32.0,37.0,38.0,3.624224
45,34.0,28.0,36.0,36.0,3.625017999999999
46,35.0,28.0,36.0,37.0,3.6258149999999993
47,35.0,32.0,36.0,37.0,3.626619
48,37.0,33.0,39.0,39.0,3.6274309999999996
49,38.0,29.0,39.0,39.0,3.628216
50,35.0,30.0,37.0,37.0,3.6290180000000003
51,37.0,31.0,37.0,37.0,3.629802999999999
52,36.0,30.0,36.0,38.0,3.630559999999999
53,35.0,32.0,39.0,38.0,3.631359999999999
54,35.0,31.0,36.0,37.0,3.632142
55,33.0,31.0,35.0,37.0,3.6329139999999995
56,34.0,31.0,37.0,38.0,3.633668
57,37.0,32.0,38.0,39.0,3.634461999999999
58,37.0,31.0,40.0,39.0,3.635249999999999
59,36.0,32.0,38.0,38.0,3.636089
60,36.0,31.0,38.0,39.0,3.6368919999999996
61,37.0,31.0,38.0,38.0,3.6376969999999993
62,38.0,30.0,39.0,40.0,3.6384429999999988
63,35.0,34.0,36.0,39.0,3.639220999999999
64,37.0,35.0,38.0,41.0,3.6400059999999996
65,36.0,32.0,37.0,39.0,3.6408179999999994
66,33.0,28.0,37.0,36.0,3.641603
67,35.0,32.0,37.0,38.0,3.642391
68,34.0,28.0,36.0,36.0,3.6431690000000003
69,35.0,30.0,38.0,37.0,3.6439519999999987
70,35.0,30.0,38.0,36.0,3.6447329999999987
71,35.0,32.0,36.0,37.0,3.6455199999999994
72,34.0,32.0,39.0,38.0,3.646322999999999
73,37.0,32.0,38.0,40.0,3.6471280000000004
74,38.0,32.0,38.0,40.0,3.6479280000000003
75,34.0,31.0,37.0,36.0,3.6486769999999993
76,37.0,32.0,37.0,39.0,3.6494549999999997
77,36.0,31.0,38.0,37.0,3.650238999999999
78,36.0,26.0,38.0,37.0,3.6510049999999996
79,35.0,32.0,38.0,37.0,3.6517979999999994
80,36.0,30.0,37.0,37.0,3.6525879999999997
81,36.0,31.0,37.0,39.0,3.6533369999999987
82,38.0,30.0,38.0,38.0,3.654083999999999
83,33.0,30.0,36.0,35.0,3.654871
84,35.0,28.0,35.0,37.0,3.6556619999999995
85,36.0,31.0,38.0,38.0,3.656466
86,34.0,29.0,37.0,37.0,3.657266999999999
87,35.0,30.0,38.0,38.0,3.6580619999999993
88,36.0,29.0,36.0,37.0,3.6588089999999998
89,35.0,30.0,36.0,36.0,3.6595639999999996
90,38.0,31.0,38.0,40.0,3.660352999999999
91,33.0,32.0,36.0,35.0,3.661128999999999
92,34.0,31.0,37.0,36.0,3.661906
93,38.0,31.0,38.0,40.0,3.6626890000000003
94,32.0,32.0,35.0,36.0,3.6634569999999993
95,35.0,32.0,37.0,37.0,3.6642019999999995
96,33.0,30.0,36.0,35.0,3.664982
97,37.0,28.0,38.0,37.0,3.6657969999999995
98,35.0,32.0,37.0,38.0,3.6666169999999987
99,36.0,31.0,38.0,38.0,3.667422
100,36.0,31.0,37.0,37.0,3.6682179999999995
101,34.0,29.0,37.0,37.0,3.6690009999999997
102,38.0,31.0,40.0,39.0,3.6697939999999996
103,33.0,30.0,34.0,37.0,3.6705749999999995
104,35.0,30.0,37.0,37.0,3.671358999999999
105,37.0,31.0,39.0,39.0,3.6721380000000003
106,34.0,30.0,36.0,37.0,3.6729199999999995
107,35.0,31.0,36.0,37.0,3.6736869999999993
108,34.0,31.0,37.0,37.0,3.674436
109,35.0,30.0,35.0,38.0,3.6752209999999987
110,36.0,28.0,38.0,37.0,3.6760399999999986
111,34.0,29.0,35.0,36.0,3.6768659999999986
112,34.0,31.0,36.0,36.0,3.6776649999999993
113,37.0,31.0,37.0,38.0,3.6784609999999986
114,34.0,31.0,38.0,37.0,3.6792119999999997
115,35.0,33.0,36.0,38.0,3.679964
116,36.0,26.0,38.0,38.0,3.680764999999999
117,35.0,30.0,37.0,36.0,3.6815420000000003
118,35.0,33.0,36.0,39.0,3.682316
119,34.0,34.0,36.0,37.0,3.6830999999999996
120,36.0,27.0,38.0,37.0,3.6839319999999987
121,34.0,30.0,37.0,35.0,3.6847239999999992
122,36.0,34.0,37.0,37.0,3.6855149999999988
123,35.0,29.0,38.0,38.0,3.6863270000000004
124,35.0,33.0,35.0,37.0,3.6871349999999996
125,38.0,30.0,39.0,39.0,3.6879519999999992
126,35.0,34.0,36.0,38.0,3.688734
127,36.0,32.0,38.0,39.0,3.6895869999999995
128,35.0,32.0,36.0,38.0,3.6903430000000004
129,36.0,31.0,36.0,37.0,3.691087999999999
130,36.0,35.0,36.0,39.0,3.691841
131,35.0,34.0,36.0,37.0,3.692594999999999
132,35.0,32.0,37.0,38.0,3.6933419999999995
133,35.0,33.0,38.0,38.0,3.694089
134,35.0,32.0,38.0,38.0,3.694832999999999
135,38.0,30.0,39.0,40.0,3.69562
136,35.0,31.0,36.0,37.0,3.6964050000000004
137,33.0,30.0,37.0,36.0,3.6972039999999993
138,37.0,30.0,39.0,38.0,3.698034999999999
139,37.0,28.0,38.0,39.0,3.6988000000000003
140,35.0,32.0,37.0,38.0,3.6995569999999987
141,35.0,30.0,37.0,37.0,3.7003109999999992
142,36.0,29.0,38.0,38.0,3.7010609999999993
143,34.0,31.0,36.0,37.0,3.7018109999999993
144,35.0,31.0,37.0,37.0,3.7025569999999988
145,34.0,31.0,35.0,38.0,3.703308999999999
146,33.0,31.0,35.0,37.0,3.704058
147,36.0,31.0,36.0,38.0,3.704801999999999
148,35.0,33.0,37.0,37.0,3.7055489999999995
149,36.0,30.0,37.0,38.0,3.706339
150,34.0,31.0,35.0,39.0,3.707153
151,36.0,31.0,37.0,39.0,3.707996999999999
152,34.0,29.0,37.0,38.0,3.708781
153,37.0,31.0,39.0,39.0,3.709529
154,35.0,29.0,36.0,36.0,3.710272999999999
155,36.0,28.0,37.0,38.0,3.7110179999999993
156,34.0,31.0,36.0,38.0,3.7118009999999995
157,33.0,31.0,36.0,36.0,3.712584999999999
158,37.0,31.0,39.0,39.0,3.7134099999999997
159,35.0,30.0,35.0,37.0,3.7141979999999997
160,35.0,31.0,36.0,39.0,3.714941999999999
161,36.0,32.0,36.0,38.0,3.715733
162,36.0,30.0,37.0,37.0,3.716550999999999
163,38.0,32.0,38.0,40.0,3.717364
164,38.0,31.0,38.0,39.0,3.718164
165,35.0,30.0,35.0,37.0,3.718954
166,34.0,31.0,37.0,37.0,3.719733999999999
167,34.0,31.0,36.0,37.0,3.7204809999999995
168,37.0,30.0,37.0,38.0,3.7212509999999988
169,36.0,30.0,39.0,37.0,3.7220359999999992
170,36.0,30.0,38.0,38.0,3.722802999999999
171,36.0,30.0,37.0,38.0,3.723597999999999
172,35.0,33.0,35.0,38.0,3.724378999999999
173,35.0,29.0,36.0,37.0,3.725135999999999
174,37.0,32.0,38.0,39.0,3.7259189999999993
175,35.0,32.0,37.0,38.0,3.726730999999999
176,34.0,33.0,37.0,37.0,3.7275479999999988
177,34.0,27.0,34.0,36.0,3.728356999999999
178,35.0,30.0,38.0,37.0,3.7291359999999987
179,36.0,29.0,38.0,38.0,3.7299109999999995
180,35.0,29.0,38.0,38.0,3.7306559999999998
181,36.0,29.0,36.0,38.0,3.7314290000000003
182,37.0,31.0,38.0,38.0,3.732234
183,35.0,32.0,37.0,38.0,3.733041
184,37.0,33.0,37.0,38.0,3.733836
185,32.0,31.0,35.0,36.0,3.7346190000000004
186,36.0,33.0,39.0,37.0,3.7353949999999987
187,35.0,30.0,36.0,37.0,3.736191
188,34.0,29.0,37.0,37.0,3.737007
189,35.0,31.0,35.0,38.0,3.7378149999999994
190,38.0,31.0,39.0,39.0,3.738617999999999
191,36.0,34.0,38.0,41.0,3.7394149999999993
192,35.0,32.0,35.0,37.0,3.7402029999999993
193,36.0,30.0,37.0,37.0,3.740971
194,34.0,29.0,36.0,37.0,3.741733
195,36.0,31.0,38.0,39.0,3.7425110000000004
196,35.0,29.0,37.0,38.0,3.7432920000000003
197,34.0,32.0,35.0,38.0,3.744066
198,36.0,32.0,37.0,38.0,3.7448499999999996
199,35.0,33.0,36.0,38.0,3.745614999999999
200,35.0,32.0,37.0,37.0,3.7464119999999994
201,33.0,32.0,33.0,37.0,3.747235
202,35.0,32.0,36.0,38.0,3.748059999999999
203,37.0,29.0,38.0,38.0,3.7488789999999987
204,35.0,29.0,37.0,36.0,3.749680999999999
205,35.0,30.0,36.0,38.0,3.750458
206,37.0,31.0,37.0,39.0,3.751206
207,33.0,29.0,37.0,37.0,3.751973999999999
208,37.0,32.0,38.0,38.0,3.752763
209,35.0,28.0,38.0,37.0,3.7535369999999997
210,37.0,28.0,37.0,38.0,3.754306999999999
211,36.0,31.0,36.0,38.0,3.755089
212,35.0,32.0,37.0,37.0,3.755877
213,36.0,31.0,38.0,38.0,3.756663999999999
214,34.0,32.0,35.0,38.0,3.7574620000000003
215,35.0,32.0,36.0,36.0,3.7582649999999997
216,36.0,30.0,36.0,37.0,3.759069
217,36.0,33.0,37.0,37.0,3.759879999999999
218,36.0,28.0,36.0,37.0,3.7606849999999987
219,35.0,29.0,36.0,37.0,3.761462
220,36.0,31.0,36.0,38.0,3.762224
221,37.0,31.0,39.0,39.0,3.7630090000000003
222,39.0,30.0,39.0,40.0,3.7637919999999987
223,35.0,29.0,37.0,36.0,3.764567999999999
224,37.0,33.0,37.0,38.0,3.7653489999999987
225,37.0,32.0,38.0,38.0,3.766147
226,35.0,30.0,37.0,36.0,3.7669309999999996
227,35.0,31.0,38.0,37.0,3.767740999999999
228,37.0,29.0,38.0,39.0,3.768540999999999
229,36.0,31.0,36.0,37.0,3.7693399999999997
230,35.0,32.0,38.0,37.0,3.7701339999999988
231,34.0,31.0,34.0,37.0,3.770899
232,36.0,30.0,38.0,37.0,3.771654
233,36.0,30.0,38.0,37.0,3.7724019999999996
234,35.0,31.0,37.0,36.0,3.773192
235,35.0,27.0,36.0,37.0,3.7739719999999988
236,34.0,31.0,36.0,38.0,3.7747159999999997
237,37.0,27.0,37.0,39.0,3.778224999999999
238,33.0,31.0,36.0,36.0,3.7816779999999994
239,38.0,30.0,40.0,38.0,3.784623999999999
240,35.0,32.0,39.0,38.0,3.7874499999999998
241,35.0,35.0,37.0,39.0,3.789166
242,36.0,30.0,38.0,38.0,3.7903640000000003
243,36.0,33.0,38.0,39.0,3.7915779999999994
244,36.0,30.0,37.0,37.0,3.7927730000000004
245,36.0,34.0,37.0,39.0,3.7939609999999995
246,35.0,31.0,36.0,37.0,3.795159999999999
247,35.0,31.0,38.0,37.0,3.7963500000000003
248,35.0,29.0,37.0,38.0,3.7975429999999992
249,36.0,34.0,37.0,38.0,3.7986939999999993
250,36.0,32.0,37.0,37.0,3.7995079999999994
251,35.0,31.0,36.0,36.0,3.80035
252,34.0,28.0,37.0,36.0,3.801188
253,35.0,31.0,36.0,38.0,3.8020059999999987
254,40.0,31.0,40.0,40.0,3.8030790000000003
255,35.0,30.0,37.0,37.0,3.8039009999999998
256,33.0,30.0,35.0,36.0,3.8047059999999995
257,34.0,30.0,37.0,37.0,3.805503999999999
258,35.0,31.0,37.0,36.0,3.8063079999999996
259,36.0,30.0,37.0,37.0,3.8071089999999987
260,34.0,34.0,36.0,38.0,3.8079079999999994
261,35.0,29.0,36.0,38.0,3.8087619999999998
262,35.0,32.0,37.0,37.0,3.8095929999999996
263,35.0,32.0,35.0,38.0,3.8104180000000003
264,37.0,31.0,40.0,39.0,3.811211
265,35.0,33.0,35.0,40.0,3.8120009999999986
266,36.0,33.0,36.0,39.0,3.8128399999999996
267,37.0,31.0,39.0,38.0,3.8136720000000004
268,34.0,32.0,35.0,38.0,3.8144679999999997
269,36.0,32.0,36.0,38.0,3.8152669999999986
270,34.0,31.0,36.0,37.0,3.816058999999999
271,34.0,28.0,35.0,36.0,3.8168999999999986
272,36.0,34.0,36.0,39.0,3.817722
273,36.0,30.0,37.0,38.0,3.818508999999999
274,36.0,30.0,38.0,37.0,3.8193019999999986
275,32.0,29.0,37.0,37.0,3.8200899999999987
276,36.0,30.0,38.0,39.0,3.8208710000000004
277,36.0,32.0,37.0,38.0,3.821657
278,37.0,28.0,39.0,39.0,3.8224459999999993
279,34.0,31.0,38.0,37.0,3.823231
280,34.0,33.0,38.0,37.0,3.824055999999999
281,35.0,30.0,35.0,36.0,3.824871999999999
282,33.0,34.0,35.0,37.0,3.8256949999999996
283,35.0,32.0,35.0,38.0,3.826478
284,36.0,31.0,39.0,39.0,3.8272630000000003
285,34.0,30.0,35.0,38.0,3.8280440000000002
286,37.0,29.0,39.0,40.0,3.828866999999999
287,34.0,29.0,37.0,37.0,3.8296899999999994
288,35.0,30.0,36.0,38.0,3.8304720000000003
289,37.0,31.0,38.0,39.0,3.831246
290,35.0,31.0,37.0,38.0,3.8320290000000004
291,36.0,34.0,38.0,40.0,3.8328550000000003
292,36.0,31.0,38.0,38.0,3.833665999999999
293,34.0,29.0,37.0,37.0,3.8344500000000004
294,34.0,29.0,36.0,38.0,3.8352259999999987
295,36.0,30.0,36.0,39.0,3.8360139999999987
296,37.0,31.0,39.0,37.0,3.836843
297,36.0,31.0,38.0,39.0,3.8376590000000004
298,36.0,32.0,37.0,38.0,3.8384459999999994
299,34.0,31.0,37.0,37.0,3.839226
300,36.0,34.0,39.0,39.0,3.840019999999999
301,34.0,32.0,37.0,38.0,3.8408379999999998
302,34.0,34.0,39.0,38.0,3.841661
303,35.0,33.0,36.0,38.0,3.8424359999999993
304,34.0,32.0,38.0,38.0,3.843216
305,34.0,32.0,38.0,37.0,3.8439949999999996
306,35.0,31.0,36.0,38.0,3.8447739999999992
307,37.0,31.0,39.0,39.0,3.845554999999999
308,34.0,32.0,36.0,37.0,3.846385999999999
309,36.0,33.0,38.0,37.0,3.8471849999999996
310,34.0,32.0,37.0,37.0,3.8479659999999996
311,34.0,29.0,36.0,38.0,3.8487469999999995
312,35.0,31.0,35.0,36.0,3.849523999999999
313,36.0,33.0,36.0,39.0,3.850306
314,36.0,29.0,37.0,38.0,3.8510859999999987
315,39.0,32.0,39.0,39.0,3.85187
316,37.0,29.0,37.0,37.0,3.8526539999999994
317,37.0,32.0,39.0,39.0,3.8534349999999993
318,34.0,31.0,37.0,36.0,3.8542129999999997
319,35.0,32.0,36.0,38.0,3.8549879999999987
320,37.0,30.0,37.0,38.0,3.855767
321,35.0,32.0,37.0,38.0,3.856539999999999
322,38.0,30.0,38.0,38.0,3.8573190000000004
323,36.0,31.0,37.0,38.0,3.8581000000000003
324,36.0,30.0,37.0,37.0,3.8588769999999997
325,34.0,31.0,37.0,37.0,3.85966
326,35.0,28.0,36.0,36.0,3.8604399999999988
327,37.0,31.0,37.0,39.0,3.861217999999999
328,36.0,34.0,38.0,39.0,3.862022999999999
329,37.0,33.0,37.0,40.0,3.8628289999999996
330,35.0,31.0,38.0,38.0,3.863636999999999
331,38.0,31.0,38.0,40.0,3.8644420000000004
332,33.0,30.0,36.0,38.0,3.865259
333,37.0,31.0,38.0,38.0,3.866050999999999
334,34.0,29.0,35.0,36.0,3.866826999999999
335,35.0,32.0,37.0,37.0,3.8676689999999994
336,35.0,33.0,37.0,38.0,3.868506
337,35.0,32.0,35.0,38.0,3.8692829999999994
338,34.0,33.0,34.0,37.0,3.870063
339,38.0,31.0,38.0,40.0,3.870837999999999
340,35.0,31.0,37.0,37.0,3.87162
341,36.0,32.0,37.0,39.0,3.872392999999999
342,36.0,30.0,36.0,39.0,3.8731720000000003
343,37.0,34.0,38.0,39.0,3.873949999999999
344,36.0,32.0,37.0,37.0,3.874782999999999
345,36.0,31.0,39.0,38.0,3.875594999999999
346,35.0,31.0,37.0,38.0,3.8763939999999995
347,34.0,30.0,37.0,36.0,3.8771690000000003
348,35.0,31.0,37.0,36.0,3.8779439999999994
349,36.0,30.0,38.0,38.0,3.878722999999999
350,35.0,30.0,36.0,37.0,3.879503999999999
351,34.0,31.0,37.0,37.0,3.8803129999999992
352,35.0,32.0,35.0,38.0,3.881133
353,33.0,29.0,35.0,36.0,3.8819409999999994
354,35.0,30.0,39.0,37.0,3.8827149999999993
355,36.0,33.0,37.0,37.0,3.883495999999999
356,34.0,31.0,35.0,37.0,3.884271
357,36.0,32.0,39.0,39.0,3.88504
358,34.0,31.0,37.0,37.0,3.8858110000000003
359,37.0,32.0,38.0,38.0,3.8866119999999995
360,34.0,31.0,36.0,36.0,3.887402999999999
361,33.0,31.0,39.0,36.0,3.8881759999999996
362,35.0,31.0,37.0,38.0,3.8889499999999995
363,37.0,30.0,39.0,38.0,3.889728
364,35.0,31.0,37.0,37.0,3.8904999999999994
365,36.0,31.0,39.0,37.0,3.8912769999999988
366,35.0,29.0,37.0,39.0,3.892054
367,35.0,26.0,37.0,36.0,3.892825
368,37.0,30.0,37.0,38.0,3.893597999999999
369,38.0,31.0,39.0,38.0,3.8943630000000002
370,36.0,31.0,37.0,38.0,3.8951269999999987
371,35.0,32.0,36.0,38.0,3.8959019999999995
372,35.0,31.0,38.0,39.0,3.896711999999999
373,36.0,31.0,37.0,39.0,3.897523999999999
374,34.0,32.0,38.0,36.0,3.8982979999999987
375,36.0,30.0,38.0,37.0,3.899068999999999
376,35.0,33.0,37.0,38.0,3.8998489999999997
377,36.0,32.0,37.0,38.0,3.900618999999999
378,35.0,30.0,36.0,37.0,3.901389
379,37.0,31.0,39.0,39.0,3.902153
380,36.0,28.0,38.0,37.0,3.9030939999999994
381,38.0,31.0,38.0,39.0,3.903879999999999
382,38.0,31.0,38.0,38.0,3.9046509999999994
383,37.0,31.0,38.0,39.0,3.9054209999999987
384,37.0,34.0,38.0,38.0,3.906207
385,34.0,31.0,35.0,37.0,3.907007
386,34.0,27.0,37.0,37.0,3.907807
387,36.0,30.0,37.0,37.0,3.9085780000000003
388,37.0,31.0,37.0,39.0,3.909343999999999
389,36.0,33.0,38.0,39.0,3.9101169999999996
390,35.0,31.0,36.0,38.0,3.910881999999999
391,35.0,28.0,36.0,37.0,3.9116539999999986
392,35.0,32.0,36.0,38.0,3.912464999999999
393,38.0,31.0,38.0,38.0,3.913271
394,34.0,33.0,36.0,38.0,3.9140549999999994
395,35.0,33.0,36.0,38.0,3.914821
396,38.0,31.0,40.0,39.0,3.9155979999999992
397,35.0,30.0,37.0,37.0,3.9163629999999987
398,34.0,30.0,35.0,38.0,3.917128999999999
399,37.0,31.0,38.0,39.0,3.917904
400,34.0,32.0,36.0,37.0,3.9186699999999988
401,34.0,31.0,39.0,37.0,3.919447
402,38.0,32.0,39.0,40.0,3.920214999999999
403,36.0,30.0,37.0,37.0,3.9209829999999997
404,35.0,30.0,37.0,36.0,3.921742
405,35.0,33.0,37.0,38.0,3.922540999999999
406,34.0,33.0,37.0,37.0,3.9233499999999992
407,35.0,31.0,36.0,38.0,3.924123
408,34.0,30.0,36.0,37.0,3.924887
409,34.0,33.0,36.0,38.0,3.9256529999999987
410,34.0,29.0,38.0,37.0,3.926416999999999
411,35.0,31.0,38.0,37.0,3.927178999999999
412,34.0,28.0,37.0,36.0,3.927942999999999
413,37.0,31.0,38.0,38.0,3.928711999999999
414,33.0,32.0,35.0,37.0,3.9294709999999995
415,36.0,26.0,36.0,37.0,3.9302339999999987
416,35.0,31.0,38.0,37.0,3.930992999999999
417,34.0,34.0,35.0,38.0,3.931768
418,36.0,30.0,36.0,37.0,3.9325349999999997
419,34.0,31.0,36.0,36.0,3.9332960000000003
420,34.0,29.0,37.0,38.0,3.934054999999999
421,36.0,28.0,38.0,38.0,3.93482
422,33.0,30.0,36.0,35.0,3.935592999999999
423,35.0,31.0,38.0,37.0,3.9363599999999987
424,36.0,31.0,38.0,38.0,3.937118
425,36.0,31.0,38.0,38.0,3.937878999999999
426,36.0,31.0,37.0,37.0,3.938644
427,37.0,26.0,37.0,38.0,3.939413
428,35.0,29.0,36.0,39.0,3.9401770000000003
429,36.0,31.0,38.0,38.0,3.9409409999999987
430,36.0,30.0,37.0,37.0,3.941708
431,38.0,33.0,39.0,41.0,3.942473999999999
432,35.0,30.0,36.0,37.0,3.9432349999999996
433,38.0,30.0,39.0,38.0,3.944006999999999
434,36.0,29.0,37.0,38.0,3.944768999999999
435,36.0,29.0,38.0,38.0,3.9455289999999987
436,38.0,32.0,39.0,40.0,3.9462979999999988
437,35.0,28.0,36.0,37.0,3.947058
438,34.0,30.0,37.0,37.0,3.9478299999999997
439,35.0,32.0,37.0,38.0,3.9485909999999986
440,37.0,31.0,39.0,39.0,3.949356
441,35.0,33.0,35.0,39.0,3.9501169999999988
442,34.0,29.0,37.0,37.0,3.9508779999999994
443,34.0,34.0,36.0,38.0,3.951646
444,35.0,31.0,36.0,37.0,3.9524089999999994
445,36.0,35.0,38.0,39.0,3.95317
446,35.0,32.0,36.0,36.0,3.9539289999999987
447,35.0,33.0,36.0,37.0,3.9546909999999986
448,37.0,30.0,37.0,38.0,3.955458
449,36.0,32.0,38.0,37.0,3.956218999999999
450,37.0,30.0,37.0,39.0,3.956982
451,39.0,29.0,39.0,40.0,3.957739
452,35.0,30.0,36.0,37.0,3.958501
453,36.0,31.0,37.0,39.0,3.9592639999999992
454,38.0,31.0,39.0,39.0,3.960027
455,35.0,29.0,37.0,38.0,3.9607829999999993
456,36.0,29.0,38.0,39.0,3.9615399999999994
457,37.0,30.0,38.0,37.0,3.962299999999999
458,34.0,31.0,35.0,37.0,3.9630609999999997
459,36.0,31.0,38.0,38.0,3.963830999999999
460,35.0,28.0,36.0,37.0,3.964592999999999
461,35.0,32.0,37.0,37.0,3.965349999999999
462,36.0,30.0,37.0,38.0,3.966111999999999
463,33.0,32.0,36.0,35.0,3.966873999999999
464,35.0,30.0,37.0,36.0,3.967637999999999
465,33.0,31.0,36.0,37.0,3.968399
466,39.0,30.0,40.0,39.0,3.969161999999999
467,34.0,31.0,36.0,38.0,3.9699220000000004
468,37.0,33.0,39.0,39.0,3.9706829999999993
469,35.0,31.0,37.0,38.0,3.9714460000000003
470,33.0,31.0,35.0,38.0,3.9722039999999996
471,33.0,29.0,36.0,37.0,3.9729729999999996
472,34.0,31.0,35.0,37.0,3.9737329999999993
473,36.0,31.0,36.0,37.0,3.974494
474,36.0,29.0,39.0,38.0,3.975254999999999
475,34.0,31.0,37.0,37.0,3.9760419999999996
476,33.0,31.0,35.0,37.0,3.976853
477,37.0,29.0,38.0,38.0,3.977644999999999
478,36.0,30.0,37.0,38.0,3.978425999999999
479,34.0,31.0,38.0,38.0,3.979189
480,36.0,31.0,38.0,38.0,3.979951
481,36.0,31.0,37.0,37.0,3.9807129999999997
482,35.0,31.0,37.0,37.0,3.981470999999999
483,36.0,28.0,37.0,39.0,3.9822349999999993
484,34.0,28.0,36.0,36.0,3.982994999999999
485,35.0,29.0,38.0,38.0,3.983758999999999
486,33.0,33.0,37.0,37.0,3.9845550000000003
487,35.0,31.0,38.0,37.0,3.9853489999999994
488,37.0,32.0,37.0,38.0,3.9861189999999986
489,36.0,31.0,37.0,38.0,3.9868799999999993
490,37.0,30.0,37.0,39.0,3.9876449999999988
491,36.0,28.0,38.0,37.0,3.988408999999999
492,36.0,31.0,37.0,37.0,3.9891679999999994
493,35.0,29.0,36.0,37.0,3.9899259999999988
494,39.0,31.0,40.0,41.0,3.990677999999999
495,37.0,31.0,37.0,38.0,3.991444999999999
496,37.0,31.0,37.0,38.0,3.9922059999999995
497,38.0,32.0,39.0,40.0,3.9930139999999987
498,34.0,31.0,36.0,36.0,3.993808999999999
499,35.0,34.0,37.0,37.0,3.994572
500,35.0,32.0,38.0,37.0,3.995336
501,36.0,32.0,37.0,38.0,3.996098999999999
502,36.0,29.0,37.0,38.0,3.996855
503,35.0,31.0,35.0,37.0,3.9976149999999997
504,36.0,31.0,37.0,39.0,3.9983760000000004
505,37.0,31.0,38.0,38.0,3.9991339999999997
506,37.0,31.0,39.0,38.0,3.999896999999999
507,33.0,31.0,35.0,36.0,4.000696999999999
508,34.0,33.0,38.0,36.0,4.001491
509,36.0,29.0,38.0,38.0,4.002248
510,39.0,31.0,39.0,39.0,4.003154
511,36.0,30.0,38.0,37.0,4.003919999999999
512,36.0,33.0,37.0,38.0,4.004679999999999
513,36.0,30.0,37.0,38.0,4.00544
514,37.0,34.0,38.0,38.0,4.0061979999999995
515,35.0,32.0,36.0,38.0,4.006954
516,38.0,31.0,38.0,39.0,4.007726
517,34.0,31.0,36.0,37.0,4.008483999999999
518,36.0,28.0,38.0,38.0,4.009281
519,36.0,32.0,39.0,38.0,4.01008
520,36.0,33.0,37.0,39.0,4.010838
521,37.0,27.0,38.0,40.0,4.011604
522,37.0,31.0,39.0,40.0,4.012364999999999
523,35.0,32.0,38.0,39.0,4.013183
524,36.0,30.0,37.0,37.0,4.013985
525,35.0,30.0,37.0,37.0,4.014766999999999
526,34.0,27.0,36.0,38.0,4.015535
527,36.0,32.0,39.0,39.0,4.0162949999999995
528,36.0,30.0,37.0,38.0,4.017061
529,35.0,33.0,37.0,37.0,4.01782
530,38.0,30.0,38.0,38.0,4.0185759999999995
531,37.0,31.0,38.0,38.0,4.0193449999999995
532,36.0,35.0,39.0,40.0,4.020158
533,32.0,29.0,36.0,37.0,4.020949999999999
534,32.0,28.0,35.0,35.0,4.021735
535,35.0,30.0,37.0,38.0,4.022494
536,36.0,33.0,37.0,38.0,4.023261
537,36.0,31.0,36.0,38.0,4.0240659999999995
538,36.0,33.0,37.0,38.0,4.024887
539,36.0,26.0,38.0,38.0,4.025684999999999
540,36.0,28.0,36.0,37.0,4.026475999999999
541,34.0,28.0,34.0,37.0,4.027268999999999
542,35.0,33.0,38.0,38.0,4.028063999999999
543,37.0,32.0,39.0,38.0,4.028834999999999
544,36.0,31.0,37.0,37.0,4.029657
545,36.0,29.0,36.0,38.0,4.030453999999999
546,35.0,28.0,36.0,37.0,4.031245
547,35.0,33.0,37.0,37.0,4.032015999999999
548,34.0,31.0,37.0,38.0,4.032817999999999
549,35.0,30.0,36.0,37.0,4.033614
550,37.0,30.0,38.0,38.0,4.034371999999999
551,36.0,31.0,38.0,38.0,4.035133
552,36.0,31.0,37.0,38.0,4.035897
553,38.0,32.0,38.0,39.0,4.036662
554,36.0,32.0,36.0,38.0,4.037417999999999
555,37.0,25.0,37.0,39.0,4.0381789999999995
556,35.0,29.0,36.0,38.0,4.03894
557,35.0,30.0,37.0,38.0,4.039709
558,38.0,32.0,39.0,40.0,4.040512999999999
559,37.0,31.0,38.0,39.0,4.041304
560,35.0,32.0,37.0,38.0,4.042081999999999
561,35.0,30.0,37.0,36.0,4.042836999999999
562,35.0,32.0,35.0,36.0,4.043607999999999
563,36.0,31.0,37.0,39.0,4.044364999999999
564,35.0,31.0,36.0,36.0,4.045121
565,36.0,31.0,37.0,39.0,4.045881999999999
566,36.0,27.0,38.0,38.0,4.0466429999999995
567,34.0,31.0,37.0,37.0,4.047407999999999
568,37.0,34.0,39.0,40.0,4.048173
569,37.0,29.0,37.0,39.0,4.048928
570,36.0,30.0,39.0,38.0,4.049686999999999
571,33.0,29.0,37.0,37.0,4.050443999999999
572,35.0,29.0,37.0,37.0,4.051198999999999
573,34.0,33.0,36.0,39.0,4.051967999999999
574,36.0,28.0,37.0,39.0,4.05273
575,34.0,32.0,36.0,36.0,4.053488999999999
576,37.0,32.0,37.0,38.0,4.054247999999999
577,36.0,32.0,36.0,40.0,4.055002
578,35.0,30.0,38.0,36.0,4.055767999999999
579,36.0,33.0,38.0,40.0,4.056524
580,35.0,31.0,37.0,38.0,4.057276
581,33.0,30.0,36.0,37.0,4.058029999999999
582,35.0,33.0,37.0,37.0,4.058788999999999
583,34.0,33.0,35.0,37.0,4.059605999999999
584,35.0,34.0,37.0,38.0,4.060395999999999
585,36.0,32.0,38.0,38.0,4.061162999999999
586,37.0,32.0,39.0,37.0,4.061918
587,36.0,30.0,37.0,38.0,4.062673
588,34.0,30.0,36.0,36.0,4.063442
589,35.0,31.0,36.0,37.0,4.064195
590,34.0,31.0,37.0,37.0,4.06495
591,37.0,31.0,38.0,39.0,4.065707999999999
592,37.0,32.0,37.0,38.0,4.066488999999999
593,37.0,34.0,39.0,40.0,4.067261
594,34.0,31.0,38.0,36.0,4.068019999999999
595,36.0,33.0,36.0,39.0,4.0687739999999994
596,36.0,30.0,37.0,37.0,4.069533
597,32.0,31.0,35.0,38.0,4.070288
598,35.0,32.0,36.0,38.0,4.071043999999999
599,34.0,32.0,37.0,38.0,4.071831999999999
600,37.0,31.0,37.0,38.0,4.072626
601,39.0,34.0,39.0,40.0,4.073416
602,35.0,31.0,40.0,38.0,4.074239
603,35.0,30.0,37.0,37.0,4.075056
604,36.0,26.0,37.0,37.0,4.0758589999999995
605,38.0,31.0,38.0,39.0,4.076658
606,35.0,30.0,37.0,39.0,4.077453
607,37.0,30.0,38.0,38.0,4.078242999999999
608,34.0,33.0,38.0,38.0,4.079017
609,37.0,29.0,38.0,39.0,4.07982
610,38.0,28.0,39.0,39.0,4.080608
611,36.0,31.0,38.0,37.0,4.081401
612,35.0,28.0,36.0,37.0,4.08217
613,33.0,31.0,36.0,36.0,4.0829249999999995
614,36.0,33.0,37.0,38.0,4.083724999999999
615,36.0,31.0,37.0,39.0,4.084529
616,37.0,31.0,37.0,40.0,4.085288
617,37.0,33.0,38.0,38.0,4.086043999999999
618,36.0,31.0,37.0,38.0,4.086803
619,37.0,31.0,38.0,38.0,4.087591999999999
620,35.0,30.0,35.0,37.0,4.088374999999999
621,34.0,33.0,36.0,37.0,4.089131999999999
622,37.0,30.0,37.0,38.0,4.089884999999999
623,37.0,31.0,38.0,39.0,4.090641
624,35.0,31.0,36.0,37.0,4.091403
625,34.0,32.0,36.0,37.0,4.092158999999999
626,36.0,32.0,37.0,39.0,4.092915
627,36.0,31.0,36.0,36.0,4.093705
628,35.0,30.0,37.0,37.0,4.094502
629,37.0,32.0,37.0,39.0,4.095279
630,36.0,32.0,39.0,38.0,4.096036999999999
631,35.0,30.0,37.0,37.0,4.096793
632,37.0,28.0,37.0,39.0,4.0975459999999995
633,36.0,30.0,36.0,37.0,4.098298
634,36.0,31.0,38.0,38.0,4.099048
635,36.0,29.0,36.0,38.0,4.099810999999999
636,39.0,32.0,39.0,40.0,4.100567999999999
637,35.0,31.0,37.0,36.0,4.101315999999999
638,35.0,34.0,39.0,38.0,4.102074999999999
639,37.0,32.0,39.0,38.0,4.102826
640,40.0,30.0,40.0,40.0,4.103733
641,35.0,29.0,37.0,38.0,4.104491999999999
642,36.0,30.0,38.0,39.0,4.105247
643,34.0,31.0,37.0,38.0,4.106002999999999
644,34.0,31.0,36.0,35.0,4.106753999999999
645,36.0,31.0,36.0,39.0,4.107522999999999
646,36.0,31.0,38.0,39.0,4.108278
647,33.0,28.0,36.0,36.0,4.109033
648,37.0,31.0,39.0,40.0,4.10979
649,35.0,32.0,36.0,37.0,4.110541
650,36.0,30.0,37.0,37.0,4.111300999999999
651,37.0,31.0,40.0,37.0,4.112057999999999
652,35.0,33.0,37.0,38.0,4.112814999999999
653,36.0,30.0,37.0,38.0,4.113569
654,35.0,32.0,38.0,38.0,4.114322
655,33.0,30.0,35.0,36.0,4.115076
656,34.0,32.0,37.0,36.0,4.11584
657,35.0,30.0,36.0,37.0,4.1166
658,37.0,29.0,37.0,37.0,4.117357
659,36.0,30.0,37.0,39.0,4.118114
660,37.0,31.0,39.0,39.0,4.118869999999999
661,39.0,33.0,39.0,40.0,4.119636
662,34.0,30.0,36.0,38.0,4.120386999999999
663,36.0,34.0,37.0,39.0,4.121141
664,35.0,34.0,35.0,37.0,4.121893
665,36.0,31.0,37.0,38.0,4.122646
666,36.0,28.0,36.0,37.0,4.123424
667,34.0,32.0,36.0,38.0,4.124215999999999
668,35.0,33.0,36.0,39.0,4.1250029999999995
669,35.0,30.0,38.0,38.0,4.125755999999999
670,34.0,32.0,35.0,38.0,4.126508999999999
671,36.0,30.0,38.0,37.0,4.127269
672,35.0,30.0,35.0,37.0,4.128024
673,36.0,31.0,36.0,38.0,4.128781
674,34.0,28.0,36.0,36.0,4.129536999999999
675,35.0,30.0,36.0,37.0,4.130288
676,36.0,32.0,37.0,38.0,4.131039999999999
677,34.0,29.0,36.0,36.0,4.131808999999999
678,36.0,29.0,39.0,37.0,4.132562
679,36.0,32.0,39.0,39.0,4.133310999999999
680,38.0,30.0,38.0,38.0,4.134062999999999
681,38.0,29.0,40.0,40.0,4.134820999999999
682,33.0,33.0,35.0,36.0,4.135582999999999
683,37.0,31.0,39.0,40.0,4.136339999999999
684,36.0,31.0,36.0,38.0,4.137089999999999
685,34.0,28.0,35.0,36.0,4.137843
686,35.0,33.0,38.0,40.0,4.138627
687,34.0,31.0,37.0,37.0,4.139384
688,36.0,32.0,38.0,39.0,4.140141999999999
689,34.0,32.0,37.0,36.0,4.140893
690,36.0,32.0,36.0,38.0,4.141643999999999
691,34.0,30.0,35.0,37.0,4.1424
692,35.0,30.0,38.0,37.0,4.143155999999999
693,36.0,33.0,38.0,37.0,4.143922999999999
694,35.0,29.0,35.0,38.0,4.144677
695,36.0,28.0,36.0,37.0,4.145429999999999
696,38.0,32.0,38.0,40.0,4.146187999999999
697,32.0,30.0,36.0,36.0,4.146941999999999
698,37.0,33.0,37.0,38.0,4.147713999999999
699,37.0,30.0,37.0,37.0,4.148474
700,35.0,29.0,37.0,37.0,4.149227
701,35.0,31.0,39.0,40.0,4.149977999999999
702,36.0,31.0,36.0,37.0,4.150732
703,36.0,30.0,37.0,37.0,4.151493
704,37.0,32.0,38.0,39.0,4.152246999999999
705,36.0,32.0,38.0,37.0,4.153003
706,35.0,31.0,38.0,39.0,4.153756999999999
707,34.0,30.0,38.0,38.0,4.154508999999999
708,36.0,31.0,37.0,36.0,4.155272
709,38.0,31.0,39.0,40.0,4.156024
710,36.0,28.0,36.0,37.0,4.156777
711,35.0,32.0,36.0,37.0,4.157532
712,35.0,32.0,36.0,37.0,4.158294999999999
713,34.0,32.0,36.0,36.0,4.159053
714,35.0,33.0,37.0,38.0,4.15982
715,36.0,32.0,37.0,38.0,4.160570999999999
716,36.0,29.0,37.0,37.0,4.161327
717,36.0,31.0,37.0,37.0,4.162084
718,36.0,28.0,37.0,38.0,4.162837
719,35.0,32.0,37.0,38.0,4.163596
720,36.0,34.0,37.0,39.0,4.164375
721,34.0,30.0,35.0,36.0,4.165148
722,33.0,32.0,35.0,36.0,4.165901
723,37.0,33.0,37.0,40.0,4.166654999999999
724,34.0,30.0,36.0,38.0,4.167420999999999
725,36.0,29.0,37.0,37.0,4.168205
726,35.0,32.0,35.0,38.0,4.169008
727,35.0,33.0,37.0,39.0,4.169810999999999
728,36.0,30.0,37.0,37.0,4.170622
729,38.0,30.0,39.0,38.0,4.171412999999999
730,35.0,30.0,36.0,38.0,4.172184999999999
731,36.0,29.0,36.0,38.0,4.172941
732,35.0,29.0,36.0,38.0,4.173691999999999
733,36.0,30.0,36.0,36.0,4.174486999999999
734,35.0,32.0,35.0,37.0,4.175291
735,34.0,31.0,35.0,38.0,4.176045
736,35.0,29.0,36.0,38.0,4.1768
737,34.0,32.0,36.0,38.0,4.177557999999999
738,35.0,30.0,37.0,36.0,4.178317999999999
739,36.0,29.0,38.0,36.0,4.179074
740,35.0,34.0,36.0,38.0,4.179836999999999
741,37.0,33.0,37.0,37.0,4.180602
742,36.0,32.0,38.0,39.0,4.181358999999999
743,34.0,31.0,37.0,36.0,4.182127999999999
744,36.0,31.0,37.0,39.0,4.182893
745,37.0,27.0,37.0,39.0,4.183693999999999
746,33.0,34.0,37.0,37.0,4.184495999999999
747,35.0,32.0,36.0,38.0,4.185293999999999
748,34.0,31.0,37.0,37.0,4.186078999999999
749,34.0,32.0,35.0,38.0,4.186895
750,34.0,31.0,37.0,37.0,4.187757999999999
751,36.0,33.0,38.0,38.0,4.188571
752,35.0,31.0,36.0,38.0,4.189382999999999
753,36.0,28.0,37.0,39.0,4.190168
754,36.0,34.0,38.0,38.0,4.190942
755,37.0,32.0,38.0,38.0,4.191725999999999
756,38.0,32.0,40.0,39.0,4.192508999999999
757,36.0,29.0,37.0,39.0,4.193287999999999
758,36.0,34.0,37.0,38.0,4.194066999999999
759,35.0,30.0,37.0,37.0,4.194837999999999
760,33.0,30.0,37.0,36.0,4.195618999999999
761,35.0,30.0,37.0,37.0,4.196396999999999
762,36.0,32.0,39.0,38.0,4.197168
763,34.0,32.0,38.0,37.0,4.197944999999999
764,35.0,29.0,38.0,38.0,4.198724
765,39.0,31.0,39.0,39.0,4.199508
766,34.0,29.0,38.0,36.0,4.200289
767,35.0,33.0,35.0,38.0,4.2010629999999995
768,38.0,30.0,38.0,38.0,4.2018439999999995
769,34.0,32.0,36.0,38.0,4.202620999999999
770,35.0,30.0,36.0,37.0,4.203408999999999
771,38.0,31.0,39.0,40.0,4.2043669999999995
772,35.0,33.0,37.0,37.0,4.205148999999999
773,34.0,32.0,36.0,37.0,4.205933
774,35.0,33.0,36.0,37.0,4.206707999999999
775,36.0,34.0,37.0,39.0,4.207495
776,35.0,32.0,36.0,38.0,4.208273
777,35.0,31.0,37.0,37.0,4.209047
778,34.0,32.0,35.0,37.0,4.209823
779,33.0,28.0,38.0,36.0,4.2105999999999995
780,35.0,31.0,37.0,37.0,4.211390999999999
781,34.0,31.0,36.0,36.0,4.212173
782,35.0,30.0,37.0,36.0,4.212947
783,36.0,33.0,39.0,39.0,4.213723
784,36.0,31.0,36.0,38.0,4.214494999999999
785,37.0,33.0,38.0,38.0,4.21706
786,37.0,33.0,38.0,38.0,4.219752999999999
787,37.0,30.0,40.0,38.0,4.221359999999999
788,35.0,32.0,38.0,37.0,4.222783
789,34.0,31.0,37.0,36.0,4.223972999999999
790,36.0,32.0,37.0,40.0,4.225133
791,35.0,30.0,37.0,35.0,4.226184
792,36.0,29.0,37.0,38.0,4.227088
793,35.0,31.0,36.0,36.0,4.228047
794,35.0,29.0,36.0,38.0,4.228911999999999
795,36.0,33.0,37.0,37.0,4.229754
796,35.0,31.0,36.0,38.0,4.230587999999999
797,36.0,31.0,38.0,39.0,4.231415999999999
798,37.0,28.0,38.0,37.0,4.232208
799,37.0,31.0,37.0,38.0,4.23302
800,34.0,35.0,36.0,37.0,4.233796
801,36.0,33.0,37.0,38.0,4.234586
802,35.0,31.0,38.0,38.0,4.235374
803,35.0,30.0,38.0,35.0,4.236160999999999
804,37.0,31.0,38.0,39.0,4.236927
805,36.0,31.0,39.0,37.0,4.237696
806,36.0,34.0,37.0,39.0,4.238505999999999
807,38.0,29.0,38.0,39.0,4.239293
808,34.0,33.0,35.0,36.0,4.240052
809,37.0,30.0,38.0,38.0,4.240812999999999
810,35.0,30.0,37.0,40.0,4.241564
811,36.0,32.0,37.0,39.0,4.242317999999999
812,33.0,31.0,36.0,37.0,4.243069
813,36.0,31.0,37.0,37.0,4.243839999999999
814,36.0,31.0,38.0,37.0,4.2446
815,35.0,31.0,36.0,38.0,4.245358999999999
816,36.0,32.0,36.0,38.0,4.246115
817,35.0,32.0,37.0,36.0,4.246869
818,34.0,31.0,36.0,36.0,4.247636
819,34.0,32.0,36.0,36.0,4.248389999999999
820,35.0,30.0,39.0,36.0,4.249155
821,33.0,32.0,36.0,37.0,4.249917
822,37.0,30.0,38.0,38.0,4.250674999999999
823,34.0,31.0,36.0,37.0,4.251462999999999
824,34.0,30.0,39.0,36.0,4.252258999999999
825,36.0,33.0,36.0,39.0,4.253036999999999
826,34.0,30.0,38.0,38.0,4.253793999999999
827,34.0,31.0,37.0,37.0,4.254545
828,37.0,29.0,40.0,38.0,4.255307
829,36.0,32.0,36.0,37.0,4.256062
830,37.0,27.0,39.0,38.0,4.256820999999999
831,34.0,31.0,37.0,36.0,4.257579
832,36.0,32.0,36.0,38.0,4.258331999999999
833,36.0,29.0,36.0,38.0,4.259088
834,34.0,31.0,37.0,37.0,4.259851999999999
835,36.0,30.0,37.0,36.0,4.260608999999999
836,36.0,30.0,37.0,37.0,4.261367999999999
837,36.0,30.0,37.0,37.0,4.262122999999999
838,36.0,31.0,37.0,37.0,4.262879
839,36.0,34.0,36.0,39.0,4.263641999999999
840,36.0,31.0,36.0,39.0,4.264405
841,37.0,30.0,37.0,39.0,4.265163999999999
842,37.0,30.0,38.0,38.0,4.2659199999999995
843,35.0,31.0,36.0,38.0,4.266679999999999
844,35.0,28.0,37.0,38.0,4.267448
845,37.0,31.0,37.0,38.0,4.268201999999999
846,36.0,32.0,39.0,39.0,4.268962
847,37.0,31.0,37.0,39.0,4.2697199999999995
848,36.0,31.0,36.0,38.0,4.270477999999999
849,35.0,31.0,37.0,37.0,4.2712699999999995
850,37.0,33.0,37.0,38.0,4.272088999999999
851,39.0,33.0,39.0,42.0,4.2729
852,34.0,29.0,37.0,38.0,4.273674999999999
853,34.0,32.0,36.0,36.0,4.274433999999999
854,35.0,30.0,38.0,36.0,4.275184999999999
855,35.0,31.0,37.0,38.0,4.275948
856,37.0,32.0,37.0,37.0,4.276710999999999
857,35.0,29.0,36.0,36.0,4.277465999999999
858,35.0,31.0,37.0,37.0,4.278222999999999
859,34.0,30.0,38.0,37.0,4.278979
860,34.0,33.0,34.0,36.0,4.279764999999999
861,35.0,29.0,38.0,36.0,4.280595999999999
862,37.0,30.0,38.0,39.0,4.281402
863,36.0,32.0,37.0,39.0,4.282162
864,36.0,30.0,36.0,36.0,4.282914
865,37.0,32.0,38.0,39.0,4.283673
866,36.0,31.0,37.0,38.0,4.284431
867,36.0,30.0,37.0,37.0,4.285186999999999
868,36.0,30.0,37.0,38.0,4.285940999999999
869,37.0,27.0,38.0,38.0,4.286695
870,36.0,31.0,38.0,39.0,4.287466
871,34.0,34.0,35.0,37.0,4.288304
872,35.0,29.0,39.0,37.0,4.289109
873,36.0,29.0,36.0,38.0,4.289904
874,36.0,31.0,38.0,37.0,4.290661
875,34.0,33.0,37.0,38.0,4.2914259999999995
876,33.0,31.0,37.0,37.0,4.292185999999999
877,39.0,30.0,40.0,39.0,4.292935
878,38.0,33.0,38.0,40.0,4.293695999999999
879,35.0,32.0,37.0,38.0,4.2944569999999995
880,34.0,33.0,37.0,37.0,4.295209
881,33.0,31.0,34.0,37.0,4.296068
882,36.0,32.0,37.0,38.0,4.296882
883,37.0,30.0,39.0,37.0,4.297677999999999
884,36.0,32.0,37.0,38.0,4.298444
885,35.0,28.0,36.0,38.0,4.2991969999999995
886,35.0,31.0,36.0,38.0,4.300003
887,35.0,32.0,37.0,38.0,4.300818999999999
888,36.0,32.0,36.0,38.0,4.3015799999999995
889,34.0,32.0,37.0,37.0,4.302337
890,37.0,31.0,38.0,38.0,4.303089
891,34.0,30.0,36.0,38.0,4.30391
892,37.0,34.0,38.0,39.0,4.304718999999999
893,36.0,30.0,39.0,36.0,4.3055129999999995
894,36.0,29.0,36.0,38.0,4.306279999999999
895,37.0,31.0,38.0,39.0,4.307036
896,35.0,29.0,37.0,38.0,4.307805
897,37.0,28.0,37.0,38.0,4.308560999999999
898,36.0,33.0,36.0,39.0,4.309317
899,34.0,31.0,36.0,37.0,4.310328
900,37.0,32.0,38.0,37.0,4.311090999999999
901,35.0,31.0,37.0,38.0,4.311902999999999
902,36.0,34.0,36.0,39.0,4.312699
903,35.0,30.0,36.0,37.0,4.313488999999999
904,37.0,29.0,38.0,40.0,4.314294
905,35.0,30.0,35.0,37.0,4.315049
906,35.0,33.0,36.0,38.0,4.315816999999999
907,37.0,31.0,38.0,39.0,4.316571999999999
908,34.0,29.0,36.0,37.0,4.31733
909,34.0,29.0,37.0,37.0,4.318085
910,36.0,32.0,38.0,39.0,4.318835
911,35.0,30.0,38.0,38.0,4.319623999999999
912,36.0,31.0,36.0,38.0,4.320452999999999
913,36.0,31.0,37.0,40.0,4.321271999999999
914,36.0,31.0,39.0,38.0,4.322046
915,35.0,30.0,36.0,37.0,4.322799999999999
916,35.0,29.0,38.0,37.0,4.323570999999999
917,37.0,33.0,38.0,40.0,4.324327
918,34.0,30.0,37.0,38.0,4.325082
919,33.0,31.0,36.0,36.0,4.325839
920,36.0,31.0,36.0,38.0,4.326592
921,36.0,29.0,37.0,36.0,4.327356
922,35.0,31.0,36.0,38.0,4.328151
923,35.0,31.0,35.0,38.0,4.328939999999999
924,35.0,31.0,38.0,37.0,4.329739999999999
925,34.0,29.0,38.0,38.0,4.330501999999999
926,34.0,32.0,36.0,37.0,4.331266999999999
927,32.0,30.0,35.0,35.0,4.332022
928,35.0,29.0,36.0,37.0,4.332775999999999
929,35.0,34.0,36.0,38.0,4.333532
930,35.0,29.0,38.0,36.0,4.334284
931,36.0,31.0,37.0,38.0,4.335039999999999
932,34.0,31.0,36.0,37.0,4.335832999999999
933,35.0,32.0,36.0,37.0,4.336644
934,35.0,34.0,35.0,38.0,4.337446999999999
935,35.0,34.0,37.0,38.0,4.338222999999999
936,37.0,30.0,37.0,39.0,4.339012
937,37.0,34.0,38.0,39.0,4.33982
938,37.0,32.0,37.0,39.0,4.340613999999999
939,35.0,31.0,38.0,39.0,4.341365
940,38.0,31.0,38.0,38.0,4.342120999999999
941,37.0,29.0,37.0,38.0,4.342877
942,38.0,32.0,38.0,40.0,4.343639
943,35.0,30.0,37.0,36.0,4.344438
944,38.0,28.0,39.0,39.0,4.345226
945,36.0,31.0,37.0,37.0,4.346017999999999
946,35.0,31.0,36.0,38.0,4.346772
947,35.0,34.0,37.0,39.0,4.347531999999999
948,36.0,33.0,38.0,39.0,4.348284999999999
949,36.0,30.0,36.0,38.0,4.349038
950,34.0,32.0,36.0,38.0,4.349791999999999
951,36.0,32.0,39.0,40.0,4.350579999999999
952,34.0,31.0,37.0,38.0,4.351343999999999
953,36.0,32.0,37.0,38.0,4.352134999999999
954,36.0,30.0,36.0,38.0,4.352928
955,35.0,33.0,37.0,38.0,4.353719
956,34.0,31.0,38.0,37.0,4.354488
957,38.0,32.0,38.0,40.0,4.355236999999999
958,35.0,30.0,36.0,37.0,4.355998999999999
959,34.0,33.0,36.0,38.0,4.356755999999999
960,35.0,31.0,38.0,37.0,4.357509
961,36.0,32.0,39.0,38.0,4.358265999999999
962,36.0,29.0,37.0,38.0,4.359019
963,34.0,33.0,36.0,38.0,4.359824999999999
964,35.0,33.0,39.0,38.0,4.360626999999999
965,35.0,32.0,37.0,37.0,4.361381999999999
966,36.0,30.0,37.0,36.0,4.362159
967,37.0,29.0,38.0,39.0,4.362952999999999
968,37.0,32.0,37.0,38.0,4.363755999999999
969,37.0,31.0,39.0,40.0,4.364537
970,36.0,29.0,38.0,36.0,4.365285999999999
971,37.0,32.0,38.0,38.0,4.36604
972,37.0,29.0,38.0,37.0,4.366792
973,36.0,32.0,37.0,37.0,4.367550999999999
974,36.0,31.0,36.0,37.0,4.368354999999999
975,33.0,31.0,34.0,36.0,4.369145
976,34.0,32.0,35.0,38.0,4.369937999999999
977,37.0,31.0,37.0,38.0,4.3707069999999995
978,36.0,27.0,38.0,37.0,4.371509999999999
979,35.0,31.0,36.0,38.0,4.372304999999999
980,34.0,34.0,37.0,38.0,4.373104
981,36.0,33.0,37.0,38.0,4.373861
982,37.0,30.0,38.0,38.0,4.374611
983,34.0,30.0,36.0,37.0,4.375411
984,37.0,28.0,40.0,39.0,4.376206999999999
985,35.0,34.0,38.0,38.0,4.376975999999999
986,35.0,33.0,38.0,40.0,4.377763999999999
987,36.0,31.0,36.0,38.0,4.378551
988,35.0,34.0,36.0,39.0,4.379353
989,35.0,32.0,37.0,36.0,4.380122
990,36.0,31.0,37.0,37.0,4.380877
991,36.0,29.0,38.0,37.0,4.381634
992,37.0,30.0,38.0,38.0,4.382387
993,37.0,31.0,37.0,37.0,4.383141
994,36.0,33.0,38.0,40.0,4.383962
995,34.0,33.0,39.0,37.0,4.384772
996,34.0,31.0,36.0,38.0,4.385562
997,33.0,28.0,35.0,36.0,4.386327999999999
998,35.0,31.0,37.0,37.0,4.387079999999999
999,35.0,31.0,38.0,39.0,4.387893
